mito,geno,sex,day,rep,vial_ID,first_frame,last_frame,slope,intercept,r_value,p_value,std_err
yak,w1118,m,10,1,yak_w1118_m_1,49,99,2.7373,-35.0293,0.9929,0.0,0.0289
yak,w1118,m,10,1,yak_w1118_m_2,45,95,2.2952,-12.249,0.9729,0.0,0.0482
yak,w1118,m,10,1,yak_w1118_m_3,65,115,3.7573,-77.6316,0.9892,0.0,0.0491
yak,w1118,m,10,1,yak_w1118_m_4,67,117,3.4187,-79.423,0.9909,0.0,0.0409
yak,w1118,m,10,1,yak_w1118_m_5,85,135,3.4777,-74.2259,0.9924,0.0,0.0382
yak,w1118,m,10,1,yak_w1118_m_6,91,141,2.5852,1.724,0.9865,0.0,0.038
yak,w1118,m,10,1,yak_w1118_m_all,64,114,3.0286,-46.3718,0.9982,0.0,0.016
zim,7744,f,10,1,zim_7744_f_1,36,86,1.3101,259.2992,0.9646,0.0,0.0316
zim,7744,f,10,1,zim_7744_f_2,0,50,1.8099,230.2696,0.9312,0.0,0.0626
zim,7744,f,10,1,zim_7744_f_3,22,72,2.5219,156.23,0.9545,0.0,0.0696
zim,7744,f,10,1,zim_7744_f_4,25,75,2.1792,202.1463,0.9756,0.0,0.0433
zim,7744,f,10,1,zim_7744_f_5,0,50,1.5414,242.9861,0.8965,0.0,0.0673
zim,7744,f,10,1,zim_7744_f_6,9,59,2.4045,175.3588,0.9591,0.0,0.0627
zim,7744,f,10,1,zim_7744_f_all,18,68,1.7507,212.915,0.9898,0.0,0.0222
ore,7744,f,10,1,ore_7744_f_1,40,90,4.2881,-0.61,0.9883,0.0,0.0586
ore,7744,f,10,1,ore_7744_f_2,0,50,2.7035,53.915,0.9826,0.0,0.0451
ore,7744,f,10,1,ore_7744_f_3,43,93,4.3376,-8.0381,0.9942,0.0,0.0416
ore,7744,f,10,1,ore_7744_f_4,25,75,4.2601,-6.4526,0.9901,0.0,0.0534
ore,7744,f,10,1,ore_7744_f_5,8,58,3.353,27.2825,0.9922,0.0,0.0372
ore,7744,f,10,1,ore_7744_f_6,28,78,4.6184,-5.4496,0.9971,0.0,0.0312
ore,7744,f,10,1,ore_7744_f_all,32,82,4.0782,7.0633,0.9976,0.0,0.0249
ore,7744,f,10,2,ore_7744_f_1,2,52,3.3519,43.4661,0.9919,0.0,0.0378
ore,7744,f,10,2,ore_7744_f_2,9,59,4.2187,38.0528,0.9946,0.0,0.0389
ore,7744,f,10,2,ore_7744_f_3,36,86,3.6304,28.4528,0.9911,0.0,0.0431
ore,7744,f,10,2,ore_7744_f_4,44,94,4.4261,24.3587,0.9931,0.0,0.0463
ore,7744,f,10,2,ore_7744_f_5,29,79,4.5035,39.2682,0.9947,0.0,0.041
ore,7744,f,10,2,ore_7744_f_6,23,73,4.5294,20.4718,0.9889,0.0,0.06
ore,7744,f,10,2,ore_7744_f_all,10,60,3.7562,42.1257,0.9985,0.0,0.0181
ore,7744,f,10,3,ore_7744_f_1,10,60,3.0983,34.0925,0.9912,0.0,0.0366
ore,7744,f,10,3,ore_7744_f_2,7,57,4.4246,37.1074,0.9922,0.0,0.0491
ore,7744,f,10,3,ore_7744_f_3,40,90,3.9278,21.8715,0.9937,0.0,0.0392
ore,7744,f,10,3,ore_7744_f_4,60,110,3.5183,34.9558,0.9936,0.0,0.0352
ore,7744,f,10,3,ore_7744_f_5,9,59,3.4651,43.1897,0.9936,0.0,0.0348
ore,7744,f,10,3,ore_7744_f_6,8,58,4.3292,32.9869,0.9939,0.0,0.0423
ore,7744,f,10,3,ore_7744_f_all,37,87,3.6375,36.5333,0.9982,0.0,0.0195
ore,7744,m,10,1,ore_7744_m_1,25,75,5.1448,5.551,0.9916,0.0,0.0594
ore,7744,m,10,1,ore_7744_m_2,79,129,2.5674,32.9711,0.9728,0.0,0.054
ore,7744,m,10,1,ore_7744_m_3,3,53,3.2584,56.0599,0.9947,0.0,0.0299
ore,7744,m,10,1,ore_7744_m_4,16,66,4.7768,29.2532,0.9963,0.0,0.0364
ore,7744,m,10,1,ore_7744_m_5,1,51,3.2959,57.9238,0.9857,0.0,0.0498
ore,7744,m,10,1,ore_7744_m_6,0,50,3.5869,58.9776,0.9946,0.0,0.033
ore,7744,m,10,1,ore_7744_m_all,2,52,3.3113,55.5263,0.9975,0.0,0.0206
ore,7744,m,10,2,ore_7744_m_1,2,52,3.6291,130.7526,0.9951,0.0,0.0318
ore,7744,m,10,2,ore_7744_m_2,41,91,2.5989,146.6944,0.969,0.0,0.0586
ore,7744,m,10,2,ore_7744_m_3,0,50,4.1442,157.5852,0.9827,0.0,0.0691
ore,7744,m,10,2,ore_7744_m_4,9,59,4.3415,120.518,0.9684,0.0,0.0988
ore,7744,m,10,2,ore_7744_m_5,0,50,3.2112,116.1037,0.9844,0.0,0.0507
ore,7744,m,10,2,ore_7744_m_6,35,85,2.3621,173.1291,0.9025,0.0,0.0996
ore,7744,m,10,2,ore_7744_m_all,0,50,3.4121,140.0306,0.9947,0.0,0.031
ore,7744,m,10,3,ore_7744_m_1,13,63,3.048,73.3611,0.9848,0.0,0.0475
ore,7744,m,10,3,ore_7744_m_2,31,81,3.9635,32.411,0.9906,0.0,0.0484
ore,7744,m,10,3,ore_7744_m_3,18,68,5.4529,31.6902,0.9921,0.0,0.0608
ore,7744,m,10,3,ore_7744_m_4,2,52,5.137,45.9439,0.9958,0.0,0.0415
ore,7744,m,10,3,ore_7744_m_5,38,88,3.0461,47.2701,0.9721,0.0,0.065
ore,7744,m,10,3,ore_7744_m_6,11,61,4.6504,29.8538,0.9917,0.0,0.0532
ore,7744,m,10,3,ore_7744_m_all,15,65,3.7459,58.0344,0.9968,0.0,0.0264
ore,7744,m,10,4,ore_7744_m_1,19,69,3.7722,24.4868,0.9896,0.0,0.0485
ore,7744,m,10,4,ore_7744_m_2,25,75,4.024,14.8655,0.9929,0.0,0.0425
ore,7744,m,10,4,ore_7744_m_3,0,50,4.6978,34.4668,0.9952,0.0,0.0408
ore,7744,m,10,4,ore_7744_m_4,12,62,5.1609,23.2852,0.9951,0.0,0.0452
ore,7744,m,10,4,ore_7744_m_5,5,55,3.6152,47.9559,0.9958,0.0,0.0292
ore,7744,m,10,4,ore_7744_m_6,12,62,4.6729,37.8259,0.9971,0.0,0.0313
ore,7744,m,10,4,ore_7744_m_all,19,69,4.155,33.1533,0.9987,0.0,0.0185
ore,7744,m,10,5,ore_7744_m_1,54,104,3.6079,-5.3828,0.9916,0.0,0.0416
ore,7744,m,10,5,ore_7744_m_2,19,69,3.8629,22.1115,0.9919,0.0,0.0436
ore,7744,m,10,5,ore_7744_m_3,18,68,3.6792,26.2106,0.983,0.0,0.0607
ore,7744,m,10,5,ore_7744_m_4,27,77,4.6271,12.4242,0.9968,0.0,0.0326
ore,7744,m,10,5,ore_7744_m_5,31,81,2.2609,92.6643,0.9769,0.0,0.0437
ore,7744,m,10,5,ore_7744_m_6,8,58,4.406,62.8377,0.9922,0.0,0.0489
ore,7744,m,10,5,ore_7744_m_all,20,70,3.7677,31.8732,0.9975,0.0,0.0237
ore,7744,m,10,6,ore_7744_m_1,16,66,3.1268,36.1312,0.9866,0.0,0.0457
ore,7744,m,10,6,ore_7744_m_2,49,99,3.7408,64.8159,0.994,0.0,0.0363
ore,7744,m,10,6,ore_7744_m_3,0,50,2.9793,59.6887,0.985,0.0,0.0462
ore,7744,m,10,6,ore_7744_m_4,5,55,5.1847,32.0736,0.9904,0.0,0.064
ore,7744,m,10,6,ore_7744_m_5,1,51,2.7637,72.1615,0.9891,0.0,0.0364
ore,7744,m,10,6,ore_7744_m_6,7,57,4.6386,34.855,0.9944,0.0,0.0436
ore,7744,m,10,6,ore_7744_m_all,16,66,3.8718,44.4325,0.9969,0.0,0.0272
ore,8469,f,10,1,ore_8469_f_1,24,74,3.991,34.7541,0.9881,0.0,0.0548
ore,8469,f,10,1,ore_8469_f_2,54,104,4.0806,36.4931,0.9958,0.0,0.0331
ore,8469,f,10,1,ore_8469_f_3,85,135,2.2278,133.607,0.9925,0.0,0.0242
ore,8469,f,10,1,ore_8469_f_4,12,62,3.7635,27.8399,0.9927,0.0,0.0404
ore,8469,f,10,1,ore_8469_f_5,42,92,4.389,15.6795,0.9979,0.0,0.0254
ore,8469,f,10,1,ore_8469_f_6,24,74,4.4351,4.5457,0.993,0.0,0.0465
ore,8469,f,10,1,ore_8469_f_all,25,75,4.3104,20.4389,0.9976,0.0,0.0262
ore,8469,f,10,2,ore_8469_f_1,19,69,4.3949,21.6928,0.9919,0.0,0.0496
ore,8469,f,10,2,ore_8469_f_2,0,50,3.2406,50.8954,0.9859,0.0,0.0485
ore,8469,f,10,2,ore_8469_f_3,84,134,2.5861,111.4955,0.9914,0.0,0.0302
ore,8469,f,10,2,ore_8469_f_4,14,64,4.1337,38.4581,0.9855,0.0,0.0629
ore,8469,f,10,2,ore_8469_f_5,25,75,4.4269,21.6183,0.9949,0.0,0.0395
ore,8469,f,10,2,ore_8469_f_6,10,60,4.3108,51.7275,0.9884,0.0,0.0584
ore,8469,f,10,2,ore_8469_f_all,33,83,3.9454,40.2396,0.9981,0.0,0.0215
ore,8469,f,10,3,ore_8469_f_1,0,50,3.6609,68.561,0.9838,0.0,0.0589
ore,8469,f,10,3,ore_8469_f_2,21,71,4.2205,56.2603,0.9883,0.0,0.0576
ore,8469,f,10,3,ore_8469_f_3,24,74,3.8895,36.7168,0.9921,0.0,0.0435
ore,8469,f,10,3,ore_8469_f_4,15,65,3.9527,39.29,0.9951,0.0,0.0347
ore,8469,f,10,3,ore_8469_f_5,19,69,4.4466,34.3772,0.9891,0.0,0.0584
ore,8469,f,10,3,ore_8469_f_6,17,67,4.3323,26.0025,0.9938,0.0,0.0427
ore,8469,f,10,3,ore_8469_f_all,15,65,4.0145,45.7569,0.998,0.0,0.0223
ore,8469,m,10,1,ore_8469_m_1,11,61,3.8647,40.7737,0.9874,0.0,0.0547
ore,8469,m,10,1,ore_8469_m_2,10,60,4.4034,35.5257,0.9947,0.0,0.0401
ore,8469,m,10,1,ore_8469_m_3,33,83,5.5022,-3.0589,0.9879,0.0,0.0764
ore,8469,m,10,1,ore_8469_m_4,33,83,5.7087,-11.2634,0.9947,0.0,0.0522
ore,8469,m,10,1,ore_8469_m_5,30,80,6.1219,-14.5462,0.9973,0.0,0.04
ore,8469,m,10,1,ore_8469_m_6,21,71,5.5389,3.2312,0.9926,0.0,0.0599
ore,8469,m,10,1,ore_8469_m_all,27,77,5.2234,7.8237,0.9982,0.0,0.0277
ore,8469,m,10,2,ore_8469_m_1,37,87,4.8009,13.1605,0.9947,0.0,0.0437
ore,8469,m,10,2,ore_8469_m_2,16,66,4.9135,27.3133,0.9924,0.0,0.0539
ore,8469,m,10,2,ore_8469_m_3,15,65,4.5991,14.6957,0.9925,0.0,0.0499
ore,8469,m,10,2,ore_8469_m_4,33,83,2.6683,31.0225,0.9659,0.0,0.0632
ore,8469,m,10,2,ore_8469_m_5,70,120,3.1302,50.4901,0.9832,0.0,0.0513
ore,8469,m,10,2,ore_8469_m_6,33,83,4.1,11.9452,0.993,0.0,0.043
ore,8469,m,10,2,ore_8469_m_all,27,77,4.2048,16.9307,0.9979,0.0,0.0243
ore,8469,m,10,3,ore_8469_m_1,12,62,3.8977,60.8224,0.9901,0.0,0.0489
ore,8469,m,10,3,ore_8469_m_2,46,96,3.7234,94.7354,0.9944,0.0,0.035
ore,8469,m,10,3,ore_8469_m_3,20,70,4.8469,10.7937,0.9884,0.0,0.0658
ore,8469,m,10,3,ore_8469_m_4,4,54,5.2381,55.3964,0.9921,0.0,0.0583
ore,8469,m,10,3,ore_8469_m_5,0,50,5.3416,61.1292,0.9967,0.0,0.0384
ore,8469,m,10,3,ore_8469_m_6,14,64,4.6111,71.5446,0.9898,0.0,0.0585
ore,8469,m,10,3,ore_8469_m_all,11,61,4.5703,55.7912,0.9986,0.0,0.0217
si1,8469,f,10,1,si1_8469_f_1,26,76,3.3482,17.0815,0.9895,0.0,0.0431
si1,8469,f,10,1,si1_8469_f_2,33,83,3.5442,-1.4643,0.9864,0.0,0.0521
si1,8469,f,10,1,si1_8469_f_3,40,90,3.3275,42.659,0.9853,0.0,0.051
si1,8469,f,10,1,si1_8469_f_4,40,90,3.4976,6.5543,0.9844,0.0,0.0552
si1,8469,f,10,1,si1_8469_f_5,53,103,3.3605,19.6902,0.9948,0.0,0.0304
si1,8469,f,10,1,si1_8469_f_6,42,92,3.4033,10.4314,0.9893,0.0,0.0444
si1,8469,f,10,1,si1_8469_f_all,40,90,3.3467,18.8223,0.9966,0.0,0.0244
si1,8469,f,10,2,si1_8469_f_1,15,65,3.333,29.8289,0.986,0.0,0.0497
si1,8469,f,10,2,si1_8469_f_2,65,115,3.7095,-22.4339,0.9936,0.0,0.0372
si1,8469,f,10,2,si1_8469_f_3,6,56,3.1014,43.9758,0.9864,0.0,0.0457
si1,8469,f,10,2,si1_8469_f_4,3,53,3.1782,48.6478,0.9849,0.0,0.0493
si1,8469,f,10,2,si1_8469_f_5,16,66,3.4738,31.9781,0.9877,0.0,0.0485
si1,8469,f,10,2,si1_8469_f_6,35,85,2.9851,19.289,0.9913,0.0,0.0349
si1,8469,f,10,2,si1_8469_f_all,77,127,2.6853,54.3189,0.9972,0.0,0.0179
si1,8469,f,10,3,si1_8469_f_1,24,74,3.2028,7.2359,0.9886,0.0,0.043
si1,8469,f,10,3,si1_8469_f_2,32,82,2.9482,12.6493,0.9867,0.0,0.0429
si1,8469,f,10,3,si1_8469_f_3,43,93,3.0821,6.7041,0.9791,0.0,0.0565
si1,8469,f,10,3,si1_8469_f_4,2,52,2.4241,45.184,0.9872,0.0,0.0345
si1,8469,f,10,3,si1_8469_f_5,25,75,3.9456,21.8536,0.9894,0.0,0.0512
si1,8469,f,10,3,si1_8469_f_6,35,85,2.4789,58.2934,0.9914,0.0,0.029
si1,8469,f,10,3,si1_8469_f_all,31,81,3.0346,25.3137,0.9971,0.0,0.0206
si1,8469,m,10,1,si1_8469_m_1,11,61,5.6299,26.6572,0.9958,0.0,0.0457
si1,8469,m,10,1,si1_8469_m_2,22,72,5.6138,3.5026,0.9963,0.0,0.0425
si1,8469,m,10,1,si1_8469_m_3,8,58,4.2094,57.5654,0.992,0.0,0.0475
si1,8469,m,10,1,si1_8469_m_4,23,73,5.3741,17.438,0.9963,0.0,0.0409
si1,8469,m,10,1,si1_8469_m_5,17,67,5.2991,32.4387,0.9954,0.0,0.0451
si1,8469,m,10,1,si1_8469_m_6,45,95,4.1303,60.3572,0.9911,0.0,0.049
si1,8469,m,10,1,si1_8469_m_all,14,64,4.8242,38.8099,0.9982,0.0,0.0253
si1,8469,m,10,2,si1_8469_m_1,37,87,3.9001,-0.3362,0.9873,0.0,0.0554
si1,8469,m,10,2,si1_8469_m_2,14,64,4.1041,27.5243,0.9933,0.0,0.0422
si1,8469,m,10,2,si1_8469_m_3,17,67,3.5198,27.5414,0.9878,0.0,0.0491
si1,8469,m,10,2,si1_8469_m_4,32,82,5.3091,23.4011,0.9929,0.0,0.0561
si1,8469,m,10,2,si1_8469_m_5,4,54,4.5706,58.5602,0.995,0.0,0.0407
si1,8469,m,10,2,si1_8469_m_6,22,72,6.1112,10.8396,0.9939,0.0,0.0601
si1,8469,m,10,2,si1_8469_m_all,14,64,4.2566,32.6113,0.9981,0.0,0.0234
si1,8469,m,10,3,si1_8469_m_1,11,61,4.6881,25.9959,0.9939,0.0,0.046
si1,8469,m,10,3,si1_8469_m_2,45,95,4.4267,-6.1528,0.9826,0.0,0.074
si1,8469,m,10,3,si1_8469_m_3,26,76,3.8594,68.9632,0.9858,0.0,0.0582
si1,8469,m,10,3,si1_8469_m_4,24,74,4.3513,42.0805,0.9904,0.0,0.0536
si1,8469,m,10,3,si1_8469_m_5,21,71,4.5821,25.3065,0.9957,0.0,0.0379
si1,8469,m,10,3,si1_8469_m_6,7,57,4.0127,41.7797,0.9944,0.0,0.0375
si1,8469,m,10,3,si1_8469_m_all,22,72,4.2021,37.9905,0.999,0.0,0.0164
sm21,7744,f,10,1,sm21_7744_f_1,63,113,4.4811,-6.6586,0.9949,0.0,0.0401
sm21,7744,f,10,1,sm21_7744_f_2,53,103,4.1117,32.1046,0.9982,0.0,0.0218
sm21,7744,f,10,1,sm21_7744_f_3,32,82,4.6562,33.8211,0.9987,0.0,0.0207
sm21,7744,f,10,1,sm21_7744_f_4,14,64,4.2132,21.0679,0.9954,0.0,0.036
sm21,7744,f,10,1,sm21_7744_f_5,46,96,3.5372,41.6588,0.9985,0.0,0.0173
sm21,7744,f,10,1,sm21_7744_f_6,34,84,4.1461,-5.2929,0.9971,0.0,0.028
sm21,7744,f,10,1,sm21_7744_f_all,22,72,4.1793,19.7336,0.9991,0.0,0.0153
sm21,7744,f,10,2,sm21_7744_f_1,41,91,3.5796,2.045,0.991,0.0,0.0426
sm21,7744,f,10,2,sm21_7744_f_2,11,61,2.9735,53.9657,0.9877,0.0,0.0416
sm21,7744,f,10,2,sm21_7744_f_3,40,90,4.1154,26.3203,0.998,0.0,0.0231
sm21,7744,f,10,2,sm21_7744_f_4,30,80,4.4916,19.5543,0.9955,0.0,0.0378
sm21,7744,f,10,2,sm21_7744_f_5,2,52,2.7724,74.3782,0.9877,0.0,0.0388
sm21,7744,f,10,2,sm21_7744_f_6,18,68,3.2715,13.1113,0.987,0.0,0.047
sm21,7744,f,10,2,sm21_7744_f_all,35,85,3.6883,26.6482,0.998,0.0,0.0204
sm21,7744,f,10,3,sm21_7744_f_1,24,74,2.9063,31.4993,0.9839,0.0,0.0467
sm21,7744,f,10,3,sm21_7744_f_2,6,56,2.9314,46.2429,0.9743,0.0,0.0598
sm21,7744,f,10,3,sm21_7744_f_3,0,50,2.6856,53.0488,0.9892,0.0,0.0351
sm21,7744,f,10,3,sm21_7744_f_4,31,81,5.0929,-10.0072,0.9946,0.0,0.0471
sm21,7744,f,10,3,sm21_7744_f_5,2,52,2.6497,52.3714,0.9872,0.0,0.0379
sm21,7744,f,10,3,sm21_7744_f_6,35,85,3.0359,22.0908,0.9858,0.0,0.0457
sm21,7744,f,10,3,sm21_7744_f_all,25,75,3.4245,28.1736,0.9975,0.0,0.0212
sm21,7744,m,10,1,sm21_7744_m_1,21,71,4.9979,5.7592,0.9909,0.0,0.0601
sm21,7744,m,10,1,sm21_7744_m_2,27,77,4.3232,-10.1564,0.9955,0.0,0.0363
sm21,7744,m,10,1,sm21_7744_m_3,7,57,3.7879,34.0726,0.9953,0.0,0.0326
sm21,7744,m,10,1,sm21_7744_m_4,28,78,4.9879,34.2147,0.9911,0.0,0.0592
sm21,7744,m,10,1,sm21_7744_m_5,26,76,4.217,14.8335,0.9965,0.0,0.0311
sm21,7744,m,10,1,sm21_7744_m_6,5,55,2.7435,28.8283,0.9951,0.0,0.0241
sm21,7744,m,10,1,sm21_7744_m_all,27,77,4.4173,12.6076,0.9984,0.0,0.022
sm21,7744,m,10,2,sm21_7744_m_1,7,57,2.8169,37.3233,0.9831,0.0,0.0463
sm21,7744,m,10,2,sm21_7744_m_2,32,82,2.6997,13.7999,0.9864,0.0,0.0398
sm21,7744,m,10,2,sm21_7744_m_3,8,58,2.4,41.6243,0.9889,0.0,0.0318
sm21,7744,m,10,2,sm21_7744_m_4,43,93,4.2601,-21.1661,0.9936,0.0,0.0427
sm21,7744,m,10,2,sm21_7744_m_5,22,72,3.1682,19.7119,0.988,0.0,0.0437
sm21,7744,m,10,2,sm21_7744_m_6,50,100,2.5672,-7.2644,0.986,0.0,0.0383
sm21,7744,m,10,2,sm21_7744_m_all,46,96,3.3666,4.5432,0.9977,0.0,0.0203
sm21,7744,m,10,3,sm21_7744_m_1,12,62,3.3873,25.9612,0.99,0.0,0.0426
sm21,7744,m,10,3,sm21_7744_m_2,0,50,1.7384,38.5498,0.9765,0.0,0.0339
sm21,7744,m,10,3,sm21_7744_m_3,3,53,2.7107,44.3062,0.9886,0.0,0.0365
sm21,7744,m,10,3,sm21_7744_m_4,3,53,3.0686,24.3899,0.9903,0.0,0.038
sm21,7744,m,10,3,sm21_7744_m_5,28,78,2.6089,17.7189,0.9815,0.0,0.0449
sm21,7744,m,10,3,sm21_7744_m_6,2,52,1.6903,37.9497,0.9843,0.0,0.0268
sm21,7744,m,10,3,sm21_7744_m_all,29,79,2.8484,23.7009,0.9969,0.0,0.0198
sm21,8469,f,10,1,sm21_8469_f_1,0,50,1.9748,46.2774,0.9741,0.0,0.0405
sm21,8469,f,10,1,sm21_8469_f_2,40,90,3.5038,31.4987,0.9932,0.0,0.0361
sm21,8469,f,10,1,sm21_8469_f_3,18,68,2.4516,31.1208,0.9841,0.0,0.0391
sm21,8469,f,10,1,sm21_8469_f_4,22,72,2.7757,41.933,0.9778,0.0,0.0525
sm21,8469,f,10,1,sm21_8469_f_5,23,73,3.2473,29.364,0.9875,0.0,0.0458
sm21,8469,f,10,1,sm21_8469_f_6,0,50,2.476,64.6718,0.9833,0.0,0.0405
sm21,8469,f,10,1,sm21_8469_f_all,39,89,2.8019,37.0429,0.9976,0.0,0.017
sm21,8469,f,10,2,sm21_8469_f_1,35,85,2.2567,13.0985,0.9762,0.0,0.0442
sm21,8469,f,10,2,sm21_8469_f_2,14,64,2.9201,41.2722,0.9839,0.0,0.0468
sm21,8469,f,10,2,sm21_8469_f_3,0,50,1.6996,52.2176,0.9741,0.0,0.0348
sm21,8469,f,10,2,sm21_8469_f_4,14,64,2.8672,36.251,0.9858,0.0,0.0432
sm21,8469,f,10,2,sm21_8469_f_5,0,50,2.9769,43.4334,0.99,0.0,0.0374
sm21,8469,f,10,2,sm21_8469_f_6,77,127,3.0517,30.6445,0.9785,0.0,0.0568
sm21,8469,f,10,2,sm21_8469_f_all,13,63,2.3492,43.5957,0.9973,0.0,0.0154
sm21,8469,f,10,3,sm21_8469_f_1,15,65,2.317,23.8691,0.9846,0.0,0.0364
sm21,8469,f,10,3,sm21_8469_f_2,38,88,2.7158,11.4946,0.9852,0.0,0.0418
sm21,8469,f,10,3,sm21_8469_f_3,24,74,2.4624,23.9944,0.9873,0.0,0.035
sm21,8469,f,10,3,sm21_8469_f_4,33,83,3.1268,6.7672,0.991,0.0,0.0373
sm21,8469,f,10,3,sm21_8469_f_5,6,56,3.0994,51.1956,0.9772,0.0,0.0595
sm21,8469,f,10,3,sm21_8469_f_6,76,126,3.2355,-29.7558,0.9635,0.0,0.0794
sm21,8469,f,10,3,sm21_8469_f_all,41,91,2.355,34.0554,0.9964,0.0,0.0178
sm21,8469,m,10,1,sm21_8469_m_1,9,59,2.9489,42.3907,0.9828,0.0,0.049
sm21,8469,m,10,1,sm21_8469_m_2,34,84,3.4491,48.8225,0.9825,0.0,0.0578
sm21,8469,m,10,1,sm21_8469_m_3,6,56,5.9739,62.5509,0.9975,0.0,0.0377
sm21,8469,m,10,1,sm21_8469_m_4,18,68,4.7026,52.6028,0.9845,0.0,0.0739
sm21,8469,m,10,1,sm21_8469_m_5,11,61,3.361,48.1437,0.9938,0.0,0.0333
sm21,8469,m,10,1,sm21_8469_m_6,10,60,6.0197,13.0905,0.9815,0.0,0.1037
sm21,8469,m,10,1,sm21_8469_m_all,39,89,3.1465,83.2959,0.9959,0.0,0.0251
sm21,8469,m,10,2,sm21_8469_m_1,7,57,3.61,36.7491,0.991,0.0,0.0432
sm21,8469,m,10,2,sm21_8469_m_2,0,50,2.5329,45.7335,0.9879,0.0,0.0352
sm21,8469,m,10,2,sm21_8469_m_3,19,69,3.2337,46.2235,0.9879,0.0,0.0448
sm21,8469,m,10,2,sm21_8469_m_4,17,67,4.8742,11.0803,0.983,0.0,0.0805
sm21,8469,m,10,2,sm21_8469_m_5,6,56,3.5279,46.9159,0.984,0.0,0.0565
sm21,8469,m,10,2,sm21_8469_m_6,0,50,3.9847,31.1986,0.9907,0.0,0.0483
sm21,8469,m,10,2,sm21_8469_m_all,12,62,3.6393,35.661,0.9979,0.0,0.021
sm21,8469,m,10,3,sm21_8469_m_1,21,71,3.4273,64.0875,0.9672,0.0,0.0795
sm21,8469,m,10,3,sm21_8469_m_2,12,62,4.0292,46.9737,0.9958,0.0,0.0327
sm21,8469,m,10,3,sm21_8469_m_3,5,55,3.1976,57.3913,0.9829,0.0,0.0529
sm21,8469,m,10,3,sm21_8469_m_4,18,68,4.6525,18.9429,0.9917,0.0,0.0534
sm21,8469,m,10,3,sm21_8469_m_5,22,72,3.6097,32.8997,0.9894,0.0,0.0469
sm21,8469,m,10,3,sm21_8469_m_6,5,55,3.8725,36.8663,0.9937,0.0,0.0385
sm21,8469,m,10,3,sm21_8469_m_all,40,90,3.0671,66.3998,0.9971,0.0,0.0207
sm21,w1118,f,10,1,sm21_w1118_f_1,25,75,4.5698,8.9897,0.9948,0.0,0.0413
sm21,w1118,f,10,1,sm21_w1118_f_2,5,55,2.8454,52.0328,0.9918,0.0,0.0324
sm21,w1118,f,10,1,sm21_w1118_f_3,16,66,3.0176,28.8912,0.9877,0.0,0.0423
sm21,w1118,f,10,1,sm21_w1118_f_4,29,79,3.4316,-5.5732,0.9904,0.0,0.0424
sm21,w1118,f,10,1,sm21_w1118_f_5,18,68,2.6477,25.9003,0.994,0.0,0.0257
sm21,w1118,f,10,1,sm21_w1118_f_6,23,73,2.8635,25.7984,0.9926,0.0,0.031
sm21,w1118,f,10,1,sm21_w1118_f_all,20,70,3.1819,24.444,0.9988,0.0,0.0138
sm21,w1118,f,10,2,sm21_w1118_f_1,20,70,3.0047,17.8386,0.9821,0.0,0.0509
sm21,w1118,f,10,2,sm21_w1118_f_2,23,73,3.1263,25.9167,0.9861,0.0,0.0466
sm21,w1118,f,10,2,sm21_w1118_f_3,39,89,2.5591,22.8467,0.9807,0.0,0.0451
sm21,w1118,f,10,2,sm21_w1118_f_4,20,70,2.913,2.5824,0.986,0.0,0.0436
sm21,w1118,f,10,2,sm21_w1118_f_5,25,75,2.2365,15.8051,0.9876,0.0,0.0314
sm21,w1118,f,10,2,sm21_w1118_f_6,8,58,1.6992,41.3938,0.9843,0.0,0.0269
sm21,w1118,f,10,2,sm21_w1118_f_all,25,75,2.4676,24.4671,0.9962,0.0,0.019
sm21,w1118,f,10,3,sm21_w1118_f_1,0,50,2.2145,55.2776,0.9838,0.0,0.0357
sm21,w1118,f,10,3,sm21_w1118_f_2,36,86,1.6984,25.2129,0.9862,0.0,0.0252
sm21,w1118,f,10,3,sm21_w1118_f_3,62,112,1.8352,21.996,0.9723,0.0,0.039
sm21,w1118,f,10,3,sm21_w1118_f_4,55,105,1.6046,29.0547,0.9698,0.0,0.0356
sm21,w1118,f,10,3,sm21_w1118_f_5,5,55,1.2768,41.2789,0.9785,0.0,0.0238
sm21,w1118,f,10,3,sm21_w1118_f_6,10,60,1.9717,37.7456,0.9844,0.0,0.0311
sm21,w1118,f,10,3,sm21_w1118_f_all,0,50,1.4539,45.6401,0.9963,0.0,0.0112
sm21,w1118,m,10,1,sm21_w1118_m_1,39,89,3.3698,56.8193,0.991,0.0,0.0402
sm21,w1118,m,10,1,sm21_w1118_m_2,3,53,2.8167,58.6793,0.9906,0.0,0.0343
sm21,w1118,m,10,1,sm21_w1118_m_3,0,50,2.6031,55.2312,0.9856,0.0,0.0394
sm21,w1118,m,10,1,sm21_w1118_m_4,5,55,3.4533,41.4496,0.9914,0.0,0.0404
sm21,w1118,m,10,1,sm21_w1118_m_5,0,50,3.0241,83.656,0.9906,0.0,0.0369
sm21,w1118,m,10,1,sm21_w1118_m_6,4,54,3.1717,47.7143,0.9951,0.0,0.0279
sm21,w1118,m,10,1,sm21_w1118_m_all,5,55,3.1531,53.4291,0.9963,0.0,0.0241
sm21,w1118,m,10,2,sm21_w1118_m_1,11,61,2.8004,46.3022,0.9909,0.0,0.0336
sm21,w1118,m,10,2,sm21_w1118_m_2,16,66,3.3289,15.3105,0.987,0.0,0.0478
sm21,w1118,m,10,2,sm21_w1118_m_3,1,51,1.9009,39.627,0.9774,0.0,0.0364
sm21,w1118,m,10,2,sm21_w1118_m_4,4,54,2.8345,34.6493,0.9939,0.0,0.0277
sm21,w1118,m,10,2,sm21_w1118_m_5,8,58,2.5247,36.6085,0.9879,0.0,0.035
sm21,w1118,m,10,2,sm21_w1118_m_6,0,50,1.714,49.3555,0.9837,0.0,0.0277
sm21,w1118,m,10,2,sm21_w1118_m_all,10,60,2.5635,36.1125,0.9973,0.0,0.0167
sm21,w1118,m,10,3,sm21_w1118_m_1,0,50,1.3396,56.1862,0.9618,0.0,0.0337
sm21,w1118,m,10,3,sm21_w1118_m_2,19,69,3.1095,36.1371,0.9867,0.0,0.0452
sm21,w1118,m,10,3,sm21_w1118_m_3,14,64,2.4961,38.8075,0.982,0.0,0.0424
sm21,w1118,m,10,3,sm21_w1118_m_4,32,82,2.5708,10.0536,0.9787,0.0,0.0476
sm21,w1118,m,10,3,sm21_w1118_m_5,35,85,1.7034,47.0505,0.9561,0.0,0.0461
sm21,w1118,m,10,3,sm21_w1118_m_6,20,70,2.1382,33.9981,0.979,0.0,0.0394
sm21,w1118,m,10,3,sm21_w1118_m_all,5,55,1.8327,47.6522,0.9964,0.0,0.0138
yak,7744,f,10,1,yak_7744_f_1,34,84,3.4164,13.2247,0.9851,0.0,0.0527
yak,7744,f,10,1,yak_7744_f_2,27,77,4.1615,15.1795,0.9889,0.0,0.0551
yak,7744,f,10,1,yak_7744_f_3,25,75,3.494,20.5972,0.9933,0.0,0.0359
yak,7744,f,10,1,yak_7744_f_4,8,58,4.0635,47.9365,0.9904,0.0,0.0501
yak,7744,f,10,1,yak_7744_f_5,19,69,3.7342,20.84,0.998,0.0,0.0211
yak,7744,f,10,1,yak_7744_f_6,29,79,4.564,4.3035,0.9898,0.0,0.058
yak,7744,f,10,1,yak_7744_f_all,28,78,3.8367,22.4328,0.9978,0.0,0.0224
yak,7744,f,10,2,yak_7744_f_1,35,85,3.2397,10.5567,0.9913,0.0,0.0381
yak,7744,f,10,2,yak_7744_f_2,44,94,2.9272,15.2483,0.9853,0.0,0.0448
yak,7744,f,10,2,yak_7744_f_3,17,67,2.5968,23.4313,0.9884,0.0,0.0353
yak,7744,f,10,2,yak_7744_f_4,31,81,3.4978,4.5219,0.9933,0.0,0.036
yak,7744,f,10,2,yak_7744_f_5,42,92,4.2857,-19.9764,0.9924,0.0,0.047
yak,7744,f,10,2,yak_7744_f_6,33,83,3.2214,6.7192,0.9878,0.0,0.0448
yak,7744,f,10,2,yak_7744_f_all,36,86,3.3176,6.4936,0.9982,0.0,0.0178
yak,7744,f,10,3,yak_7744_f_1,2,52,2.5991,28.1483,0.9906,0.0,0.0317
yak,7744,f,10,3,yak_7744_f_2,9,59,2.7852,35.6242,0.9692,0.0,0.0625
yak,7744,f,10,3,yak_7744_f_3,4,54,2.4514,37.9093,0.9932,0.0,0.0253
yak,7744,f,10,3,yak_7744_f_4,52,102,3.4848,-13.8307,0.9865,0.0,0.0511
yak,7744,f,10,3,yak_7744_f_5,18,68,2.1673,14.3235,0.9835,0.0,0.0352
yak,7744,f,10,3,yak_7744_f_6,52,102,4.1191,-25.8065,0.9935,0.0,0.0418
yak,7744,f,10,3,yak_7744_f_all,24,74,2.7914,19.5382,0.9971,0.0,0.0187
yak,7744,m,10,1,yak_7744_m_1,40,90,5.4398,-22.8152,0.9955,0.0,0.0456
yak,7744,m,10,1,yak_7744_m_2,32,82,4.8106,0.2747,0.9945,0.0,0.0448
yak,7744,m,10,1,yak_7744_m_3,27,77,3.9035,37.1242,0.99,0.0,0.0491
yak,7744,m,10,1,yak_7744_m_4,13,63,3.7866,26.3263,0.9875,0.0,0.0535
yak,7744,m,10,1,yak_7744_m_5,1,51,3.7714,52.5187,0.9957,0.0,0.031
yak,7744,m,10,1,yak_7744_m_6,36,86,4.4668,31.4491,0.9634,0.0,0.1098
yak,7744,m,10,1,yak_7744_m_all,35,85,4.2673,24.5424,0.9951,0.0,0.0376
yak,7744,m,10,2,yak_7744_m_1,1,51,4.2216,70.3561,0.9915,0.0,0.0488
yak,7744,m,10,2,yak_7744_m_2,1,51,4.3709,78.0714,0.997,0.0,0.0297
yak,7744,m,10,2,yak_7744_m_3,3,53,2.5848,96.5076,0.9637,0.0,0.0633
yak,7744,m,10,2,yak_7744_m_4,7,57,2.9138,83.7114,0.9862,0.0,0.0432
yak,7744,m,10,2,yak_7744_m_5,24,74,3.1552,66.2177,0.9898,0.0,0.0402
yak,7744,m,10,2,yak_7744_m_6,0,50,4.3834,80.3638,0.9859,0.0,0.0657
yak,7744,m,10,2,yak_7744_m_all,1,51,3.4763,81.3076,0.998,0.0,0.0196
yak,7744,m,10,3,yak_7744_m_1,7,57,3.3996,48.3157,0.9933,0.0,0.035
yak,7744,m,10,3,yak_7744_m_2,32,82,3.6241,18.14,0.9885,0.0,0.0489
yak,7744,m,10,3,yak_7744_m_3,2,52,2.5976,69.0928,0.9892,0.0,0.034
yak,7744,m,10,3,yak_7744_m_4,11,61,3.398,41.3767,0.9843,0.0,0.0539
yak,7744,m,10,3,yak_7744_m_5,30,80,3.1365,46.1568,0.9935,0.0,0.0318
yak,7744,m,10,3,yak_7744_m_6,10,60,4.4631,47.5838,0.9944,0.0,0.0419
yak,7744,m,10,3,yak_7744_m_all,18,68,3.396,46.6558,0.9985,0.0,0.0167
yak,8469,f,10,1,yak_8469_f_1,23,73,3.2225,13.3465,0.9893,0.0,0.042
yak,8469,f,10,1,yak_8469_f_2,57,107,3.595,-4.3658,0.9929,0.0,0.038
yak,8469,f,10,1,yak_8469_f_3,14,64,2.6929,29.6268,0.9883,0.0,0.0368
yak,8469,f,10,1,yak_8469_f_4,55,105,3.136,32.0255,0.9924,0.0,0.0344
yak,8469,f,10,1,yak_8469_f_5,41,91,3.7822,8.6355,0.9951,0.0,0.0332
yak,8469,f,10,1,yak_8469_f_6,86,136,2.5543,49.4671,0.988,0.0,0.0352
yak,8469,f,10,1,yak_8469_f_all,22,72,2.9086,28.3996,0.9987,0.0,0.0131
yak,8469,f,10,2,yak_8469_f_1,41,91,3.9846,0.0748,0.9871,0.0,0.057
yak,8469,f,10,2,yak_8469_f_2,24,74,3.2199,19.2086,0.9919,0.0,0.0364
yak,8469,f,10,2,yak_8469_f_3,80,130,2.2772,35.3754,0.9872,0.0,0.0325
yak,8469,f,10,2,yak_8469_f_4,14,64,3.4913,26.5755,0.9937,0.0,0.0349
yak,8469,f,10,2,yak_8469_f_5,42,92,3.8638,39.638,0.9945,0.0,0.036
yak,8469,f,10,2,yak_8469_f_6,3,53,2.6505,58.932,0.9833,0.0,0.0434
yak,8469,f,10,2,yak_8469_f_all,44,94,3.2203,29.7524,0.998,0.0,0.0182
yak,8469,f,10,3,yak_8469_f_1,16,66,3.2988,23.4823,0.9892,0.0,0.0432
yak,8469,f,10,3,yak_8469_f_2,18,68,2.8015,22.021,0.9826,0.0,0.0468
yak,8469,f,10,3,yak_8469_f_3,24,74,1.8013,35.9243,0.9758,0.0,0.0356
yak,8469,f,10,3,yak_8469_f_4,69,119,2.5153,32.7527,0.9844,0.0,0.0397
yak,8469,f,10,3,yak_8469_f_5,4,54,3.0053,49.371,0.9867,0.0,0.0438
yak,8469,f,10,3,yak_8469_f_6,12,62,2.1935,30.8368,0.9796,0.0,0.0397
yak,8469,f,10,3,yak_8469_f_all,27,77,2.6864,27.6095,0.996,0.0,0.0214
yak,8469,m,10,1,yak_8469_m_1,39,89,3.7539,28.1461,0.986,0.0,0.0561
yak,8469,m,10,1,yak_8469_m_2,18,68,5.2368,20.1454,0.9935,0.0,0.0529
yak,8469,m,10,1,yak_8469_m_3,21,71,4.8862,20.9505,0.9942,0.0,0.0466
yak,8469,m,10,1,yak_8469_m_4,15,65,6.3606,3.265,0.9956,0.0,0.0531
yak,8469,m,10,1,yak_8469_m_5,5,55,4.9868,51.3253,0.9962,0.0,0.0383
yak,8469,m,10,1,yak_8469_m_6,27,77,4.6188,26.9794,0.9982,0.0,0.0248
yak,8469,m,10,1,yak_8469_m_all,18,68,4.751,30.7908,0.9989,0.0,0.02
yak,8469,m,10,2,yak_8469_m_1,3,53,4.2855,56.5312,0.9892,0.0,0.056
yak,8469,m,10,2,yak_8469_m_2,5,55,4.3669,48.3153,0.98,0.0,0.0783
yak,8469,m,10,2,yak_8469_m_3,21,71,4.2962,8.3772,0.9933,0.0,0.0441
yak,8469,m,10,2,yak_8469_m_4,35,85,4.7105,10.7854,0.9964,0.0,0.0353
yak,8469,m,10,2,yak_8469_m_5,30,80,4.8674,38.5706,0.9979,0.0,0.0277
yak,8469,m,10,2,yak_8469_m_6,46,96,3.5054,31.2188,0.9853,0.0,0.0537
yak,8469,m,10,2,yak_8469_m_all,31,81,3.9871,42.2499,0.9972,0.0,0.0266
yak,8469,m,10,3,yak_8469_m_1,32,82,4.4929,16.8987,0.989,0.0,0.0594
yak,8469,m,10,3,yak_8469_m_2,25,75,3.4001,32.0701,0.9866,0.0,0.0498
yak,8469,m,10,3,yak_8469_m_3,18,68,3.7114,22.7502,0.9926,0.0,0.0402
yak,8469,m,10,3,yak_8469_m_4,50,100,4.2768,-17.7233,0.984,0.0,0.0684
yak,8469,m,10,3,yak_8469_m_5,23,73,4.9384,21.204,0.995,0.0,0.0439
yak,8469,m,10,3,yak_8469_m_6,5,55,3.4455,23.3089,0.9885,0.0,0.0466
yak,8469,m,10,3,yak_8469_m_all,24,74,3.9323,20.5034,0.9978,0.0,0.0232
yak,w1118,f,10,1,yak_w1118_f_1,1,51,2.2066,44.7193,0.9834,0.0,0.036
yak,w1118,f,10,1,yak_w1118_f_2,90,140,2.5347,79.5842,0.9848,0.0,0.0395
yak,w1118,f,10,1,yak_w1118_f_3,64,114,2.9911,51.8139,0.9982,0.0,0.016
yak,w1118,f,10,1,yak_w1118_f_4,4,54,2.2954,38.8244,0.9834,0.0,0.0374
yak,w1118,f,10,1,yak_w1118_f_5,5,55,3.3787,51.5573,0.9904,0.0,0.0416
yak,w1118,f,10,1,yak_w1118_f_6,32,82,2.7582,44.402,0.9945,0.0,0.0257
yak,w1118,f,10,1,yak_w1118_f_all,62,112,2.616,59.703,0.9963,0.0,0.02
yak,w1118,f,10,2,yak_w1118_f_1,0,50,2.0958,44.2647,0.9878,0.0,0.0292
yak,w1118,f,10,2,yak_w1118_f_2,35,85,3.7801,15.1828,0.9959,0.0,0.0305
yak,w1118,f,10,2,yak_w1118_f_3,13,63,2.99,33.1427,0.9915,0.0,0.0347
yak,w1118,f,10,2,yak_w1118_f_4,26,76,2.5362,29.0709,0.9904,0.0,0.0312
yak,w1118,f,10,2,yak_w1118_f_5,10,60,3.6922,22.3946,0.9909,0.0,0.0442
yak,w1118,f,10,2,yak_w1118_f_6,29,79,2.8062,32.6629,0.9899,0.0,0.0355
yak,w1118,f,10,2,yak_w1118_f_all,29,79,3.0433,27.7778,0.9988,0.0,0.0132
yak,w1118,f,10,3,yak_w1118_f_1,0,50,1.7542,145.1708,0.9401,0.0,0.0562
yak,w1118,f,10,3,yak_w1118_f_2,0,50,1.669,220.4479,0.9253,0.0,0.0604
yak,w1118,f,10,3,yak_w1118_f_3,22,72,2.3173,145.0389,0.9648,0.0,0.0558
yak,w1118,f,10,3,yak_w1118_f_4,46,96,2.6817,109.7963,0.9401,0.0,0.0859
yak,w1118,f,10,3,yak_w1118_f_5,9,59,2.0335,170.1054,0.9654,0.0,0.0485
yak,w1118,f,10,3,yak_w1118_f_6,7,57,2.1372,155.1087,0.9642,0.0,0.0519
yak,w1118,f,10,3,yak_w1118_f_all,10,60,1.5221,174.3188,0.9837,0.0,0.0246
yak,w1118,m,10,2,yak_w1118_m_1,11,61,2.951,22.8095,0.9895,0.0,0.038
yak,w1118,m,10,2,yak_w1118_m_2,44,94,2.9172,43.9133,0.9835,0.0,0.0474
yak,w1118,m,10,2,yak_w1118_m_3,15,65,3.6956,32.2132,0.9933,0.0,0.0379
yak,w1118,m,10,2,yak_w1118_m_4,25,75,4.6999,11.9416,0.9913,0.0,0.0552
yak,w1118,m,10,2,yak_w1118_m_5,33,83,3.8503,18.502,0.9982,0.0,0.0206
yak,w1118,m,10,2,yak_w1118_m_6,44,94,2.6849,26.3018,0.9783,0.0,0.0502
yak,w1118,m,10,2,yak_w1118_m_all,25,75,3.4947,24.4899,0.9981,0.0,0.0189
yak,w1118,m,10,3,yak_w1118_m_1,15,65,2.9528,42.3847,0.995,0.0,0.0262
yak,w1118,m,10,3,yak_w1118_m_2,0,50,2.3809,69.1127,0.9669,0.0,0.0555
yak,w1118,m,10,3,yak_w1118_m_3,0,50,2.7367,52.993,0.9894,0.0,0.0355
yak,w1118,m,10,3,yak_w1118_m_4,13,63,3.5212,36.8224,0.9868,0.0,0.0511
yak,w1118,m,10,3,yak_w1118_m_5,27,77,1.9996,33.5332,0.9833,0.0,0.0327
yak,w1118,m,10,3,yak_w1118_m_6,9,59,2.9325,35.0776,0.9946,0.0,0.027
yak,w1118,m,10,3,yak_w1118_m_all,8,58,2.5111,50.2275,0.9976,0.0,0.0155
yak,w1118,m,10,4,yak_w1118_m_1,34,84,2.4991,44.7657,0.9856,0.0,0.0379
yak,w1118,m,10,4,yak_w1118_m_2,0,50,2.486,77.4414,0.9716,0.0,0.0535
yak,w1118,m,10,4,yak_w1118_m_3,13,63,2.8386,49.0831,0.9845,0.0,0.0447
yak,w1118,m,10,4,yak_w1118_m_4,16,66,2.1807,49.0628,0.9647,0.0,0.0526
yak,w1118,m,10,4,yak_w1118_m_5,1,51,2.6245,49.56,0.9896,0.0,0.0336
yak,w1118,m,10,4,yak_w1118_m_6,30,80,4.1251,3.4706,0.9927,0.0,0.0443
yak,w1118,m,10,4,yak_w1118_m_all,9,59,2.4571,53.4764,0.9973,0.0,0.0159
yak,w1118,m,10,5,yak_w1118_m_1,11,61,2.023,30.998,0.9837,0.0,0.0327
yak,w1118,m,10,5,yak_w1118_m_2,22,72,4.4696,12.693,0.992,0.0,0.0502
yak,w1118,m,10,5,yak_w1118_m_3,81,131,2.8345,0.1108,0.9812,0.0,0.0492
yak,w1118,m,10,5,yak_w1118_m_4,35,85,2.5137,22.5524,0.9837,0.0,0.0406
yak,w1118,m,10,5,yak_w1118_m_5,43,93,1.8145,50.617,0.976,0.0,0.0358
yak,w1118,m,10,5,yak_w1118_m_6,1,51,2.9626,34.7071,0.9936,0.0,0.0296
yak,w1118,m,10,5,yak_w1118_m_all,43,93,2.4118,38.0509,0.9969,0.0,0.0169
yak,w1118,m,10,6,yak_w1118_m_1,10,60,2.1192,56.0143,0.9892,0.0,0.0278
yak,w1118,m,10,6,yak_w1118_m_2,1,51,3.1737,81.5577,0.9792,0.0,0.0581
yak,w1118,m,10,6,yak_w1118_m_3,2,52,2.8253,49.1724,0.988,0.0,0.039
yak,w1118,m,10,6,yak_w1118_m_4,0,50,2.319,62.4713,0.9798,0.0,0.0418
yak,w1118,m,10,6,yak_w1118_m_5,1,51,2.1425,58.287,0.9853,0.0,0.0329
yak,w1118,m,10,6,yak_w1118_m_6,16,66,2.9342,46.2728,0.9627,0.0,0.0729
yak,w1118,m,10,6,yak_w1118_m_all,9,59,2.4922,60.2849,0.9967,0.0,0.0178
zim,7744,f,10,2,zim_7744_f_1,18,68,3.6482,18.1847,0.9923,0.0,0.0403
zim,7744,f,10,2,zim_7744_f_2,9,59,4.0745,55.7362,0.9969,0.0,0.0285
zim,7744,f,10,2,zim_7744_f_3,1,51,2.3325,50.2655,0.9901,0.0,0.0292
zim,7744,f,10,2,zim_7744_f_4,32,82,5.0382,26.323,0.9958,0.0,0.0408
zim,7744,f,10,2,zim_7744_f_5,44,94,4.0213,19.9344,0.9925,0.0,0.0438
zim,7744,f,10,2,zim_7744_f_6,22,72,4.5616,27.5344,0.9861,0.0,0.0678
zim,7744,f,10,2,zim_7744_f_all,17,67,3.958,33.0024,0.9989,0.0,0.0166
zim,7744,f,10,3,zim_7744_f_1,6,56,3.2534,28.7898,0.9874,0.0,0.046
zim,7744,f,10,3,zim_7744_f_2,9,59,4.4756,37.1724,0.9968,0.0,0.0318
zim,7744,f,10,3,zim_7744_f_3,29,79,3.5558,23.8464,0.9824,0.0,0.0598
zim,7744,f,10,3,zim_7744_f_4,3,53,3.7339,36.1396,0.9959,0.0,0.0298
zim,7744,f,10,3,zim_7744_f_5,39,89,4.2823,7.7436,0.9952,0.0,0.0372
zim,7744,f,10,3,zim_7744_f_6,34,84,4.536,-6.8619,0.9935,0.0,0.0458
zim,7744,f,10,3,zim_7744_f_all,25,75,3.6673,29.1122,0.9971,0.0,0.0245
zim,7744,f,10,4,zim_7744_f_1,23,73,3.8367,15.4818,0.9921,0.0,0.0428
zim,7744,f,10,4,zim_7744_f_2,16,66,3.5139,26.7214,0.9945,0.0,0.0327
zim,7744,f,10,4,zim_7744_f_3,42,92,3.3954,22.6758,0.9909,0.0,0.0407
zim,7744,f,10,4,zim_7744_f_4,32,82,4.624,4.4052,0.9953,0.0,0.0398
zim,7744,f,10,4,zim_7744_f_5,11,61,3.7593,24.4159,0.9944,0.0,0.0352
zim,7744,f,10,4,zim_7744_f_6,10,60,3.1546,20.0759,0.9906,0.0,0.0386
zim,7744,f,10,4,zim_7744_f_all,9,59,3.4067,28.2444,0.9986,0.0,0.0159
zim,7744,f,10,5,zim_7744_f_1,11,61,2.8321,32.9874,0.9877,0.0,0.0397
zim,7744,f,10,5,zim_7744_f_2,11,61,3.3215,52.7734,0.9861,0.0,0.0494
zim,7744,f,10,5,zim_7744_f_3,6,56,2.8219,40.5702,0.9915,0.0,0.0326
zim,7744,f,10,5,zim_7744_f_4,0,50,2.9228,38.9714,0.9925,0.0,0.0318
zim,7744,f,10,5,zim_7744_f_5,75,125,3.3158,2.462,0.9921,0.0,0.037
zim,7744,f,10,5,zim_7744_f_6,54,104,3.3107,30.5976,0.9932,0.0,0.0342
zim,7744,f,10,5,zim_7744_f_all,11,61,2.9822,38.0869,0.9978,0.0,0.0174
zim,7744,f,10,6,zim_7744_f_1,18,68,2.9224,30.3984,0.9796,0.0,0.053
zim,7744,f,10,6,zim_7744_f_2,11,61,2.8135,51.2453,0.9896,0.0,0.0361
zim,7744,f,10,6,zim_7744_f_3,3,53,2.0505,52.375,0.9792,0.0,0.0376
zim,7744,f,10,6,zim_7744_f_4,6,56,4.0649,26.9915,0.9953,0.0,0.035
zim,7744,f,10,6,zim_7744_f_5,7,57,2.5299,35.3951,0.9884,0.0,0.0344
zim,7744,f,10,6,zim_7744_f_6,15,65,3.2676,30.7336,0.9923,0.0,0.0361
zim,7744,f,10,6,zim_7744_f_all,32,82,3.0529,34.0099,0.9979,0.0,0.0174
zim,7744,m,10,2,zim_7744_m_1,47,97,4.3604,-5.5365,0.9796,0.0,0.079
zim,7744,m,10,2,zim_7744_m_2,18,68,4.8745,33.9456,0.9939,0.0,0.0477
zim,7744,m,10,2,zim_7744_m_3,21,71,5.6741,47.0591,0.9953,0.0,0.0486
zim,7744,m,10,2,zim_7744_m_4,17,67,5.6139,40.9385,0.9957,0.0,0.0463
zim,7744,m,10,2,zim_7744_m_5,10,60,3.6933,37.6039,0.9939,0.0,0.0361
zim,7744,m,10,2,zim_7744_m_6,36,86,3.8227,30.7124,0.989,0.0,0.0506
zim,7744,m,10,2,zim_7744_m_all,23,73,4.3908,42.0469,0.9987,0.0,0.0197
zim,7744,m,10,3,zim_7744_m_1,32,82,3.4769,29.4505,0.9919,0.0,0.0393
zim,7744,m,10,3,zim_7744_m_2,25,75,4.1988,20.2639,0.9945,0.0,0.0391
zim,7744,m,10,3,zim_7744_m_3,41,91,3.8992,48.4789,0.9959,0.0,0.0313
zim,7744,m,10,3,zim_7744_m_4,13,63,6.1208,19.4383,0.9968,0.0,0.0433
zim,7744,m,10,3,zim_7744_m_5,22,72,3.9391,29.4424,0.9906,0.0,0.0481
zim,7744,m,10,3,zim_7744_m_6,9,59,4.2716,41.0267,0.9939,0.0,0.0418
zim,7744,m,10,3,zim_7744_m_all,21,71,4.3816,30.3805,0.9989,0.0,0.0183
zim,7744,m,10,4,zim_7744_m_1,15,65,4.2223,14.8842,0.996,0.0,0.0335
zim,7744,m,10,4,zim_7744_m_2,28,78,4.2071,24.5468,0.9913,0.0,0.0493
zim,7744,m,10,4,zim_7744_m_3,32,82,5.1229,36.6971,0.9971,0.0,0.0347
zim,7744,m,10,4,zim_7744_m_4,18,68,4.7765,44.0812,0.9902,0.0,0.0594
zim,7744,m,10,4,zim_7744_m_5,40,90,2.7627,74.1032,0.9764,0.0,0.0539
zim,7744,m,10,4,zim_7744_m_6,19,69,4.342,7.6922,0.9958,0.0,0.0355
zim,7744,m,10,4,zim_7744_m_all,22,72,4.2161,34.3175,0.9988,0.0,0.0184
zim,7744,m,10,5,zim_7744_m_1,15,65,4.4282,35.5968,0.9812,0.0,0.077
zim,7744,m,10,5,zim_7744_m_2,24,74,3.8463,27.2487,0.9873,0.0,0.0547
zim,7744,m,10,5,zim_7744_m_3,5,55,5.2872,63.6707,0.9968,0.0,0.0375
zim,7744,m,10,5,zim_7744_m_4,26,76,5.1263,44.7527,0.9938,0.0,0.0505
zim,7744,m,10,5,zim_7744_m_5,4,54,2.8476,68.6556,0.9729,0.0,0.0598
zim,7744,m,10,5,zim_7744_m_6,1,51,2.8433,63.4024,0.9865,0.0,0.0417
zim,7744,m,10,5,zim_7744_m_all,14,64,4.0609,51.8118,0.9987,0.0,0.0181
zim,7744,m,10,6,zim_7744_m_1,20,70,2.5585,80.7265,0.9723,0.0,0.0543
zim,7744,m,10,6,zim_7744_m_2,32,82,4.0418,42.6085,0.9928,0.0,0.0429
zim,7744,m,10,6,zim_7744_m_3,2,52,3.1535,95.6985,0.9857,0.0,0.0477
zim,7744,m,10,6,zim_7744_m_4,16,66,5.4834,17.3402,0.9953,0.0,0.0473
zim,7744,m,10,6,zim_7744_m_5,8,58,3.468,58.7419,0.9896,0.0,0.0445
zim,7744,m,10,6,zim_7744_m_6,23,73,4.3586,79.4756,0.9969,0.0,0.0304
zim,7744,m,10,6,zim_7744_m_all,26,76,3.6013,68.5365,0.9988,0.0,0.0158
zim,8469,f,10,1,zim_8469_f_1,31,81,2.2847,8.5502,0.9783,0.0,0.0428
zim,8469,f,10,1,zim_8469_f_2,92,142,2.7369,39.0056,0.9905,0.0,0.0336
zim,8469,f,10,1,zim_8469_f_3,64,114,2.9135,-2.8557,0.9772,0.0,0.0559
zim,8469,f,10,1,zim_8469_f_4,26,76,3.5073,10.0979,0.9865,0.0,0.0514
zim,8469,f,10,1,zim_8469_f_5,41,91,3.3703,5.8476,0.9911,0.0,0.0399
zim,8469,f,10,1,zim_8469_f_6,3,53,3.0538,47.6578,0.9746,0.0,0.0619
zim,8469,f,10,1,zim_8469_f_all,26,76,2.7872,22.4615,0.997,0.0,0.019
zim,8469,f,10,2,zim_8469_f_1,53,103,2.9689,12.3315,0.9674,0.0,0.0686
zim,8469,f,10,2,zim_8469_f_2,68,118,3.4271,35.6073,0.9921,0.0,0.0382
zim,8469,f,10,2,zim_8469_f_3,64,114,2.432,66.5394,0.9766,0.0,0.0473
zim,8469,f,10,2,zim_8469_f_4,36,86,4.1574,19.9738,0.9893,0.0,0.0542
zim,8469,f,10,2,zim_8469_f_5,0,50,2.7705,61.8815,0.9869,0.0,0.04
zim,8469,f,10,2,zim_8469_f_6,22,72,4.8472,15.4028,0.9931,0.0,0.0504
zim,8469,f,10,2,zim_8469_f_all,25,75,3.3181,37.495,0.9948,0.0,0.0299
zim,8469,f,10,3,zim_8469_f_1,1,51,2.23,44.7598,0.9692,0.0,0.0501
zim,8469,f,10,3,zim_8469_f_2,21,71,3.2748,30.8719,0.9907,0.0,0.0397
zim,8469,f,10,3,zim_8469_f_3,79,129,2.7868,33.5197,0.9863,0.0,0.0411
zim,8469,f,10,3,zim_8469_f_4,8,58,2.9371,44.1582,0.9896,0.0,0.0377
zim,8469,f,10,3,zim_8469_f_5,12,62,3.0833,67.8842,0.9879,0.0,0.0428
zim,8469,f,10,3,zim_8469_f_6,7,57,3.4449,57.7368,0.9775,0.0,0.0657
zim,8469,f,10,3,zim_8469_f_all,9,59,2.7144,52.9428,0.9947,0.0,0.0248
zim,8469,m,10,1,zim_8469_m_1,3,53,4.7191,65.0309,0.9953,0.0,0.0408
zim,8469,m,10,1,zim_8469_m_2,8,58,6.1646,63.9666,0.9977,0.0,0.037
zim,8469,m,10,1,zim_8469_m_3,22,72,4.6593,37.9657,0.9892,0.0,0.061
zim,8469,m,10,1,zim_8469_m_4,23,73,4.855,40.0732,0.9948,0.0,0.044
zim,8469,m,10,1,zim_8469_m_5,10,60,5.1836,44.3163,0.9961,0.0,0.0404
zim,8469,m,10,1,zim_8469_m_6,11,61,4.4676,21.687,0.9938,0.0,0.0442
zim,8469,m,10,1,zim_8469_m_all,10,60,4.8689,50.7817,0.9985,0.0,0.024
zim,8469,m,10,2,zim_8469_m_1,25,75,5.209,22.5783,0.9963,0.0,0.0396
zim,8469,m,10,2,zim_8469_m_2,39,89,5.3878,-17.2523,0.9952,0.0,0.0469
zim,8469,m,10,2,zim_8469_m_3,15,65,4.8223,40.806,0.9964,0.0,0.036
zim,8469,m,10,2,zim_8469_m_4,33,83,5.6262,-7.1895,0.9956,0.0,0.0469
zim,8469,m,10,2,zim_8469_m_5,34,84,4.3187,39.2673,0.9865,0.0,0.0632
zim,8469,m,10,2,zim_8469_m_6,20,70,4.2787,25.6705,0.992,0.0,0.048
zim,8469,m,10,2,zim_8469_m_all,31,81,4.7673,22.9264,0.9987,0.0,0.0219
zim,8469,m,10,3,zim_8469_m_1,34,84,4.5328,16.4205,0.9974,0.0,0.0287
zim,8469,m,10,3,zim_8469_m_2,30,80,3.9438,32.0645,0.9892,0.0,0.0516
zim,8469,m,10,3,zim_8469_m_3,20,70,5.0536,25.995,0.9944,0.0,0.0476
zim,8469,m,10,3,zim_8469_m_4,13,63,4.9077,22.0175,0.9973,0.0,0.0321
zim,8469,m,10,3,zim_8469_m_5,13,63,4.4348,35.1769,0.9914,0.0,0.0516
zim,8469,m,10,3,zim_8469_m_6,20,70,5.2724,8.2378,0.998,0.0,0.0293
zim,8469,m,10,3,zim_8469_m_all,18,68,4.7264,22.2436,0.9989,0.0,0.0193
zim,w1118,f,10,1,zim_w1118_f_1,17,67,4.56,29.775,0.9919,0.0,0.0515
zim,w1118,f,10,1,zim_w1118_f_2,28,78,3.7664,30.5213,0.9909,0.0,0.0451
zim,w1118,f,10,1,zim_w1118_f_3,42,92,3.5726,-2.6642,0.9884,0.0,0.0484
zim,w1118,f,10,1,zim_w1118_f_4,8,58,2.5845,34.7486,0.9844,0.0,0.0408
zim,w1118,f,10,1,zim_w1118_f_5,23,73,2.28,22.1333,0.9856,0.0,0.0346
zim,w1118,f,10,1,zim_w1118_f_6,14,64,3.0063,61.2671,0.9882,0.0,0.0412
zim,w1118,f,10,1,zim_w1118_f_all,22,72,3.2093,31.6213,0.9975,0.0,0.0202
zim,w1118,f,10,2,zim_w1118_f_1,33,83,4.8098,15.7649,0.9953,0.0,0.0413
zim,w1118,f,10,2,zim_w1118_f_2,5,55,3.5956,32.9855,0.9937,0.0,0.0359
zim,w1118,f,10,2,zim_w1118_f_3,38,88,3.677,13.3247,0.9896,0.0,0.0472
zim,w1118,f,10,2,zim_w1118_f_4,29,79,3.4788,28.3723,0.9913,0.0,0.0408
zim,w1118,f,10,2,zim_w1118_f_5,9,59,2.3228,33.225,0.9931,0.0,0.0242
zim,w1118,f,10,2,zim_w1118_f_6,7,57,3.027,41.8881,0.9905,0.0,0.0371
zim,w1118,f,10,2,zim_w1118_f_all,24,74,3.4302,29.6636,0.9982,0.0,0.0185
zim,w1118,f,10,3,zim_w1118_f_1,42,92,3.838,48.3111,0.9922,0.0,0.0426
zim,w1118,f,10,3,zim_w1118_f_2,19,69,3.6086,40.7088,0.9852,0.0,0.0554
zim,w1118,f,10,3,zim_w1118_f_3,4,54,3.245,37.9959,0.991,0.0,0.0387
zim,w1118,f,10,3,zim_w1118_f_4,0,50,2.5518,74.9173,0.9695,0.0,0.0569
zim,w1118,f,10,3,zim_w1118_f_5,48,98,3.7169,3.5952,0.9884,0.0,0.0505
zim,w1118,f,10,3,zim_w1118_f_6,0,50,3.1903,47.4013,0.9899,0.0,0.0403
zim,w1118,f,10,3,zim_w1118_f_all,15,65,3.2672,44.8783,0.9961,0.0,0.0254
zim,w1118,m,10,1,zim_w1118_m_1,19,69,4.4392,47.6824,0.9898,0.0,0.0565
zim,w1118,m,10,1,zim_w1118_m_2,10,60,4.3425,33.6933,0.9947,0.0,0.0396
zim,w1118,m,10,1,zim_w1118_m_3,3,53,3.7025,46.0074,0.9919,0.0,0.0419
zim,w1118,m,10,1,zim_w1118_m_4,1,51,4.0565,51.9583,0.996,0.0,0.0323
zim,w1118,m,10,1,zim_w1118_m_5,2,52,2.7385,50.0902,0.983,0.0,0.0452
zim,w1118,m,10,1,zim_w1118_m_6,0,50,3.3202,37.862,0.9916,0.0,0.0382
zim,w1118,m,10,1,zim_w1118_m_all,17,67,3.8335,43.7215,0.9988,0.0,0.0166
zim,w1118,m,10,2,zim_w1118_m_1,10,60,3.6904,26.7348,0.9915,0.0,0.0429
zim,w1118,m,10,2,zim_w1118_m_2,11,61,3.8211,28.9423,0.9907,0.0,0.0464
zim,w1118,m,10,2,zim_w1118_m_3,2,52,2.8391,45.0905,0.9905,0.0,0.0348
zim,w1118,m,10,2,zim_w1118_m_4,12,62,4.3764,23.7781,0.9955,0.0,0.0367
zim,w1118,m,10,2,zim_w1118_m_5,7,57,4.2229,31.2736,0.9955,0.0,0.0353
zim,w1118,m,10,2,zim_w1118_m_6,3,53,3.1921,26.016,0.9916,0.0,0.0367
zim,w1118,m,10,2,zim_w1118_m_all,12,62,3.8342,27.2593,0.9989,0.0,0.0161
zim,w1118,m,10,3,zim_w1118_m_1,24,74,4.2632,15.4554,0.9952,0.0,0.037
zim,w1118,m,10,3,zim_w1118_m_2,6,56,3.3443,62.2148,0.9868,0.0,0.0485
zim,w1118,m,10,3,zim_w1118_m_3,22,72,3.65,45.0939,0.9869,0.0,0.0526
zim,w1118,m,10,3,zim_w1118_m_4,30,80,3.9171,25.1725,0.992,0.0,0.044
zim,w1118,m,10,3,zim_w1118_m_5,18,68,4.4487,55.2115,0.9941,0.0,0.043
zim,w1118,m,10,3,zim_w1118_m_6,4,54,4.2713,52.413,0.9946,0.0,0.0393
zim,w1118,m,10,3,zim_w1118_m_all,17,67,3.8599,44.969,0.9983,0.0,0.0198
ore,7744,f,24,1,ore_7744_f_1,20,70,3.092,-0.3175,0.9937,0.0,0.0309
ore,7744,f,24,1,ore_7744_f_2,35,85,4.116,-2.2513,0.9957,0.0,0.0338
ore,7744,f,24,1,ore_7744_f_3,54,104,4.7198,-49.6732,0.996,0.0,0.0373
ore,7744,f,24,1,ore_7744_f_4,8,58,3.228,22.576,0.9958,0.0,0.0263
ore,7744,f,24,1,ore_7744_f_5,28,78,3.3566,5.3069,0.9955,0.0,0.0284
ore,7744,f,24,1,ore_7744_f_6,23,73,4.1212,2.4038,0.9905,0.0,0.0507
ore,7744,f,24,1,ore_7744_f_all,26,76,3.4788,6.4515,0.999,0.0,0.0135
ore,7744,f,24,2,ore_7744_f_1,41,91,3.3529,-29.633,0.9872,0.0,0.0478
ore,7744,f,24,2,ore_7744_f_2,19,69,3.8697,-11.8974,0.996,0.0,0.0307
ore,7744,f,24,2,ore_7744_f_3,6,56,3.1725,18.461,0.9947,0.0,0.0291
ore,7744,f,24,2,ore_7744_f_4,58,108,3.9964,28.1517,0.9969,0.0,0.0279
ore,7744,f,24,2,ore_7744_f_5,92,142,3.2063,4.9659,0.9942,0.0,0.0306
ore,7744,f,24,2,ore_7744_f_6,17,67,3.424,0.6922,0.9915,0.0,0.0396
ore,7744,f,24,2,ore_7744_f_all,50,100,3.9068,-18.1991,0.9986,0.0,0.0183
ore,7744,f,24,3,ore_7744_f_1,0,50,1.4911,23.8877,0.9863,0.0,0.0221
ore,7744,f,24,3,ore_7744_f_2,2,52,3.2809,25.4272,0.9899,0.0,0.0414
ore,7744,f,24,3,ore_7744_f_3,40,90,3.2903,-15.8058,0.9914,0.0,0.0383
ore,7744,f,24,3,ore_7744_f_4,11,61,3.7873,26.4058,0.9928,0.0,0.0403
ore,7744,f,24,3,ore_7744_f_5,7,57,2.7425,19.9973,0.9901,0.0,0.0343
ore,7744,f,24,3,ore_7744_f_6,17,67,4.0129,5.3916,0.9917,0.0,0.0459
ore,7744,f,24,3,ore_7744_f_all,8,58,2.7349,22.4633,0.998,0.0,0.0152
ore,7744,m,24,1,ore_7744_m_1,31,81,4.3279,2.1923,0.9919,0.0,0.049
ore,7744,m,24,1,ore_7744_m_2,4,54,3.4811,44.8772,0.9891,0.0,0.0459
ore,7744,m,24,1,ore_7744_m_3,9,59,3.7535,35.9328,0.9957,0.0,0.0308
ore,7744,m,24,1,ore_7744_m_4,13,63,3.9692,23.8942,0.9923,0.0,0.0439
ore,7744,m,24,1,ore_7744_m_5,8,58,3.6723,33.4104,0.9949,0.0,0.0327
ore,7744,m,24,1,ore_7744_m_6,23,73,3.4803,64.4022,0.9921,0.0,0.0389
ore,7744,m,24,1,ore_7744_m_all,25,75,3.7473,33.9108,0.9987,0.0,0.0166
ore,7744,m,24,2,ore_7744_m_1,14,64,4.0023,10.7838,0.9894,0.0,0.052
ore,7744,m,24,2,ore_7744_m_2,10,60,3.9585,14.3931,0.9886,0.0,0.0533
ore,7744,m,24,2,ore_7744_m_3,5,55,3.7864,18.8805,0.9955,0.0,0.0317
ore,7744,m,24,2,ore_7744_m_4,21,71,3.6134,22.8775,0.9952,0.0,0.0313
ore,7744,m,24,2,ore_7744_m_5,22,72,4.4523,22.0003,0.997,0.0,0.0306
ore,7744,m,24,2,ore_7744_m_6,52,102,3.5196,33.5685,0.9902,0.0,0.0439
ore,7744,m,24,2,ore_7744_m_all,17,67,3.8885,20.0133,0.9987,0.0,0.0175
ore,7744,m,24,3,ore_7744_m_1,1,51,3.7952,38.0365,0.9837,0.0,0.0613
ore,7744,m,24,3,ore_7744_m_2,18,68,3.0548,9.1398,0.9943,0.0,0.0289
ore,7744,m,24,3,ore_7744_m_3,0,50,3.0297,55.8182,0.9885,0.0,0.0409
ore,7744,m,24,3,ore_7744_m_4,0,50,3.5002,57.0627,0.9883,0.0,0.0476
ore,7744,m,24,3,ore_7744_m_5,15,65,4.0717,36.1543,0.9954,0.0,0.0345
ore,7744,m,24,3,ore_7744_m_6,4,54,4.7644,42.333,0.9848,0.0,0.0741
ore,7744,m,24,3,ore_7744_m_all,16,66,3.7211,36.9052,0.9982,0.0,0.0199
ore,8469,f,24,1,ore_8469_f_1,87,137,3.5623,7.1456,0.9839,0.0,0.0572
ore,8469,f,24,1,ore_8469_f_2,13,63,3.0365,23.4149,0.9868,0.0,0.0441
ore,8469,f,24,1,ore_8469_f_3,13,63,5.2056,11.4989,0.9854,0.0,0.0795
ore,8469,f,24,1,ore_8469_f_4,12,62,3.3776,5.3841,0.9837,0.0,0.0546
ore,8469,f,24,1,ore_8469_f_5,28,78,4.5818,-28.0515,0.991,0.0,0.0548
ore,8469,f,24,1,ore_8469_f_6,48,98,4.1112,-38.7416,0.9831,0.0,0.0677
ore,8469,f,24,1,ore_8469_f_all,12,62,3.3394,19.6622,0.9968,0.0,0.0236
ore,8469,f,24,2,ore_8469_f_1,35,85,4.4495,10.4961,0.9862,0.0,0.0661
ore,8469,f,24,2,ore_8469_f_2,29,79,4.3651,-4.4956,0.9929,0.0,0.0462
ore,8469,f,24,2,ore_8469_f_3,14,64,3.747,24.086,0.9896,0.0,0.0482
ore,8469,f,24,2,ore_8469_f_4,19,69,4.9352,-5.9379,0.9907,0.0,0.0598
ore,8469,f,24,2,ore_8469_f_5,22,72,3.8827,25.4971,0.9897,0.0,0.0496
ore,8469,f,24,2,ore_8469_f_6,48,98,4.9232,-36.9486,0.9837,0.0,0.0795
ore,8469,f,24,2,ore_8469_f_all,29,79,4.0492,14.2538,0.9982,0.0,0.0215
ore,8469,f,24,3,ore_8469_f_1,36,86,4.58,-24.7006,0.9918,0.0,0.0523
ore,8469,f,24,3,ore_8469_f_2,14,64,3.2521,15.8404,0.9904,0.0,0.0401
ore,8469,f,24,3,ore_8469_f_3,10,60,3.9753,11.753,0.9838,0.0,0.064
ore,8469,f,24,3,ore_8469_f_4,36,86,5.0613,-36.5099,0.9921,0.0,0.0564
ore,8469,f,24,3,ore_8469_f_5,37,87,4.739,-24.3956,0.9978,0.0,0.0275
ore,8469,f,24,3,ore_8469_f_6,54,104,4.2069,-36.0911,0.9856,0.0,0.0638
ore,8469,f,24,3,ore_8469_f_all,31,81,4.0578,-6.7919,0.9984,0.0,0.0206
ore,8469,m,24,1,ore_8469_m_1,13,63,3.1934,24.5883,0.9915,0.0,0.0369
ore,8469,m,24,1,ore_8469_m_2,8,58,4.1275,24.0688,0.9967,0.0,0.0297
ore,8469,m,24,1,ore_8469_m_3,25,75,4.5344,1.9816,0.995,0.0,0.0404
ore,8469,m,24,1,ore_8469_m_4,27,77,3.7449,-6.6947,0.987,0.0,0.0538
ore,8469,m,24,1,ore_8469_m_5,18,68,5.4407,4.1345,0.9952,0.0,0.0473
ore,8469,m,24,1,ore_8469_m_6,16,66,4.9141,12.7045,0.991,0.0,0.0585
ore,8469,m,24,1,ore_8469_m_all,26,76,4.3483,9.0739,0.9984,0.0,0.0215
ore,8469,m,24,2,ore_8469_m_1,56,106,2.9604,75.0455,0.99,0.0,0.0373
ore,8469,m,24,2,ore_8469_m_2,20,70,5.6992,13.0511,0.9964,0.0,0.0428
ore,8469,m,24,2,ore_8469_m_3,0,50,2.5441,57.3108,0.9859,0.0,0.0382
ore,8469,m,24,2,ore_8469_m_4,23,73,4.3936,22.672,0.9945,0.0,0.041
ore,8469,m,24,2,ore_8469_m_5,0,50,3.8312,54.0687,0.9953,0.0,0.0328
ore,8469,m,24,2,ore_8469_m_6,20,70,3.999,29.7996,0.9938,0.0,0.0394
ore,8469,m,24,2,ore_8469_m_all,20,70,4.151,32.9557,0.9983,0.0,0.0211
ore,8469,m,24,3,ore_8469_m_1,39,89,4.0339,2.8362,0.9902,0.0,0.0503
ore,8469,m,24,3,ore_8469_m_2,1,51,4.926,56.2331,0.9935,0.0,0.0498
ore,8469,m,24,3,ore_8469_m_3,0,50,3.4855,41.4835,0.9804,0.0,0.0619
ore,8469,m,24,3,ore_8469_m_4,32,82,4.4233,26.4884,0.9942,0.0,0.0421
ore,8469,m,24,3,ore_8469_m_5,11,61,4.2161,34.3962,0.9948,0.0,0.0382
ore,8469,m,24,3,ore_8469_m_6,0,50,3.7151,49.7905,0.9867,0.0,0.0541
ore,8469,m,24,3,ore_8469_m_all,11,61,3.8646,43.1609,0.9986,0.0,0.0178
si1,8469,f,24,1,si1_8469_f_1,18,68,4.7511,23.6614,0.9914,0.0,0.0555
si1,8469,f,24,1,si1_8469_f_2,35,85,4.0295,7.0061,0.9882,0.0,0.0551
si1,8469,f,24,1,si1_8469_f_3,23,73,3.4014,9.6907,0.9846,0.0,0.0533
si1,8469,f,24,1,si1_8469_f_4,10,60,3.8683,17.5991,0.9942,0.0,0.0369
si1,8469,f,24,1,si1_8469_f_5,5,55,3.4721,39.8273,0.9871,0.0,0.0497
si1,8469,f,24,1,si1_8469_f_6,18,68,3.677,25.0291,0.9829,0.0,0.0609
si1,8469,f,24,1,si1_8469_f_all,21,71,3.97,18.2359,0.9979,0.0,0.0227
si1,8469,f,24,2,si1_8469_f_1,0,50,4.2351,42.1972,0.9913,0.0,0.0498
si1,8469,f,24,2,si1_8469_f_2,33,83,3.1696,15.4375,0.99,0.0,0.0398
si1,8469,f,24,2,si1_8469_f_3,31,81,3.906,-7.5449,0.9951,0.0,0.0343
si1,8469,f,24,2,si1_8469_f_4,9,59,2.8908,35.5506,0.9898,0.0,0.0368
si1,8469,f,24,2,si1_8469_f_5,24,74,3.5008,41.4698,0.9907,0.0,0.0425
si1,8469,f,24,2,si1_8469_f_6,8,58,2.8627,45.7454,0.9718,0.0,0.0614
si1,8469,f,24,2,si1_8469_f_all,21,71,3.3597,31.4967,0.9974,0.0,0.0216
si1,8469,f,24,3,si1_8469_f_1,9,59,3.1779,12.2478,0.9782,0.0,0.0596
si1,8469,f,24,3,si1_8469_f_2,25,75,2.9148,8.8259,0.988,0.0,0.0402
si1,8469,f,24,3,si1_8469_f_3,36,86,2.2354,12.5341,0.9788,0.0,0.0413
si1,8469,f,24,3,si1_8469_f_4,28,78,2.693,18.766,0.9775,0.0,0.0514
si1,8469,f,24,3,si1_8469_f_5,33,83,2.9283,-1.8198,0.9915,0.0,0.0339
si1,8469,f,24,3,si1_8469_f_6,10,60,2.1132,30.0393,0.9852,0.0,0.0325
si1,8469,f,24,3,si1_8469_f_all,30,80,2.7375,11.1456,0.9975,0.0,0.0172
si1,8469,m,24,1,si1_8469_m_1,23,73,4.3764,7.6647,0.9964,0.0,0.0328
si1,8469,m,24,1,si1_8469_m_2,29,79,3.3284,4.558,0.9946,0.0,0.0308
si1,8469,m,24,1,si1_8469_m_3,32,82,3.8759,-15.2765,0.9843,0.0,0.0614
si1,8469,m,24,1,si1_8469_m_4,25,75,3.8277,7.8978,0.9919,0.0,0.0434
si1,8469,m,24,1,si1_8469_m_5,1,51,2.3987,33.0128,0.9894,0.0,0.0311
si1,8469,m,24,1,si1_8469_m_6,14,64,3.0566,23.9705,0.9801,0.0,0.0547
si1,8469,m,24,1,si1_8469_m_all,32,82,3.8807,-0.364,0.9979,0.0,0.0224
si1,8469,m,24,2,si1_8469_m_1,65,115,3.7947,2.779,0.9977,0.0,0.023
si1,8469,m,24,2,si1_8469_m_2,33,83,4.0667,-2.736,0.9903,0.0,0.0504
si1,8469,m,24,2,si1_8469_m_3,50,100,3.5303,-12.7446,0.9929,0.0,0.0374
si1,8469,m,24,2,si1_8469_m_4,9,59,2.5685,29.5954,0.9831,0.0,0.0423
si1,8469,m,24,2,si1_8469_m_5,50,100,5.0532,-53.0164,0.9957,0.0,0.0415
si1,8469,m,24,2,si1_8469_m_6,32,82,3.3239,44.9102,0.9889,0.0,0.044
si1,8469,m,24,2,si1_8469_m_all,40,90,3.5997,4.4523,0.9986,0.0,0.0171
si1,8469,m,24,3,si1_8469_m_1,7,57,3.4408,30.08,0.9908,0.0,0.0416
si1,8469,m,24,3,si1_8469_m_2,8,58,2.8184,24.8362,0.9918,0.0,0.0321
si1,8469,m,24,3,si1_8469_m_3,9,59,2.8441,20.6024,0.9933,0.0,0.0293
si1,8469,m,24,3,si1_8469_m_4,23,73,3.3197,12.7736,0.9927,0.0,0.0356
si1,8469,m,24,3,si1_8469_m_5,6,56,3.6605,12.51,0.993,0.0,0.0386
si1,8469,m,24,3,si1_8469_m_6,0,50,3.741,49.2498,0.9884,0.0,0.0507
si1,8469,m,24,3,si1_8469_m_all,7,57,3.14,27.4981,0.9981,0.0,0.0171
sm21,7744,f,24,1,sm21_7744_f_1,4,54,2.9308,21.7751,0.9862,0.0,0.0434
sm21,7744,f,24,1,sm21_7744_f_2,8,58,3.8308,24.4436,0.9948,0.0,0.0346
sm21,7744,f,24,1,sm21_7744_f_3,27,77,4.6311,-1.208,0.9952,0.0,0.0403
sm21,7744,f,24,1,sm21_7744_f_4,26,76,4.8336,15.7569,0.9964,0.0,0.0362
sm21,7744,f,24,1,sm21_7744_f_5,1,51,3.5969,26.7608,0.9919,0.0,0.0408
sm21,7744,f,24,1,sm21_7744_f_6,38,88,4.3577,-4.3133,0.9925,0.0,0.0476
sm21,7744,f,24,1,sm21_7744_f_all,10,60,3.6255,24.6637,0.9983,0.0,0.0186
sm21,7744,f,24,2,sm21_7744_f_1,16,66,2.4406,21.4322,0.9818,0.0,0.0417
sm21,7744,f,24,2,sm21_7744_f_2,15,65,3.3637,31.7309,0.9825,0.0,0.0563
sm21,7744,f,24,2,sm21_7744_f_3,1,51,4.2674,38.9326,0.9933,0.0,0.0439
sm21,7744,f,24,2,sm21_7744_f_4,34,84,4.2464,0.2814,0.9953,0.0,0.0366
sm21,7744,f,24,2,sm21_7744_f_5,3,53,2.8564,28.3192,0.9898,0.0,0.0364
sm21,7744,f,24,2,sm21_7744_f_6,22,72,4.8349,-5.1504,0.9936,0.0,0.0485
sm21,7744,f,24,2,sm21_7744_f_all,13,63,3.4264,25.7135,0.9985,0.0,0.0165
sm21,7744,f,24,3,sm21_7744_f_1,14,64,3.2639,9.2017,0.9876,0.0,0.0457
sm21,7744,f,24,3,sm21_7744_f_2,17,67,3.3013,1.0734,0.9921,0.0,0.0369
sm21,7744,f,24,3,sm21_7744_f_3,17,67,4.4684,8.846,0.9969,0.0,0.031
sm21,7744,f,24,3,sm21_7744_f_4,25,75,4.5362,7.9878,0.9955,0.0,0.0381
sm21,7744,f,24,3,sm21_7744_f_5,0,50,2.0634,22.1385,0.9894,0.0,0.0268
sm21,7744,f,24,3,sm21_7744_f_6,49,99,3.9094,-17.6502,0.9917,0.0,0.0449
sm21,7744,f,24,3,sm21_7744_f_all,41,91,3.3195,14.5917,0.998,0.0,0.0188
sm21,7744,m,24,1,sm21_7744_m_1,28,78,1.7688,1.0213,0.9922,0.0,0.0197
sm21,7744,m,24,1,sm21_7744_m_2,24,74,4.0019,-7.5863,0.9943,0.0,0.038
sm21,7744,m,24,1,sm21_7744_m_3,25,75,3.2748,-2.5692,0.9883,0.0,0.0446
sm21,7744,m,24,1,sm21_7744_m_4,9,59,2.492,35.7349,0.9936,0.0,0.0251
sm21,7744,m,24,1,sm21_7744_m_5,24,74,3.294,16.4142,0.995,0.0,0.0293
sm21,7744,m,24,1,sm21_7744_m_6,11,61,3.1824,24.8756,0.9827,0.0,0.053
sm21,7744,m,24,1,sm21_7744_m_all,27,77,2.9547,12.6852,0.9983,0.0,0.0152
sm21,7744,m,24,2,sm21_7744_m_1,33,83,2.8937,-15.9225,0.9888,0.0,0.0386
sm21,7744,m,24,2,sm21_7744_m_2,47,97,3.1787,11.9297,0.9749,0.0,0.0642
sm21,7744,m,24,2,sm21_7744_m_3,21,71,3.3576,16.5696,0.9884,0.0,0.0456
sm21,7744,m,24,2,sm21_7744_m_4,39,89,2.4124,4.9272,0.9894,0.0,0.0312
sm21,7744,m,24,2,sm21_7744_m_5,0,50,2.1115,36.9508,0.9772,0.0,0.0405
sm21,7744,m,24,2,sm21_7744_m_6,34,84,3.4421,-7.3514,0.9923,0.0,0.0379
sm21,7744,m,24,2,sm21_7744_m_all,36,86,2.7645,12.1308,0.9977,0.0,0.0164
sm21,7744,m,24,3,sm21_7744_m_1,32,82,2.4524,-12.7139,0.9911,0.0,0.029
sm21,7744,m,24,3,sm21_7744_m_2,21,71,4.5268,-5.7857,0.9964,0.0,0.0338
sm21,7744,m,24,3,sm21_7744_m_3,22,72,2.111,35.762,0.9776,0.0,0.0401
sm21,7744,m,24,3,sm21_7744_m_4,10,60,2.5858,31.9686,0.9808,0.0,0.0454
sm21,7744,m,24,3,sm21_7744_m_5,1,51,2.2302,41.2322,0.9864,0.0,0.0328
sm21,7744,m,24,3,sm21_7744_m_6,19,69,3.578,8.028,0.991,0.0,0.0427
sm21,7744,m,24,3,sm21_7744_m_all,22,72,2.8615,18.2628,0.9971,0.0,0.0193
sm21,8469,f,24,1,sm21_8469_f_1,18,68,1.8876,24.8945,0.9626,0.0,0.0469
sm21,8469,f,24,1,sm21_8469_f_2,17,67,1.1851,16.2757,0.9678,0.0,0.0272
sm21,8469,f,24,1,sm21_8469_f_3,25,75,2.5866,15.4736,0.9894,0.0,0.0335
sm21,8469,f,24,1,sm21_8469_f_4,28,78,3.141,24.8143,0.9905,0.0,0.0385
sm21,8469,f,24,1,sm21_8469_f_5,2,52,2.1975,40.1297,0.9811,0.0,0.0383
sm21,8469,f,24,1,sm21_8469_f_6,9,59,2.1632,22.8335,0.9839,0.0,0.0347
sm21,8469,f,24,1,sm21_8469_f_all,17,67,2.2087,26.228,0.9963,0.0,0.0169
sm21,8469,f,24,2,sm21_8469_f_1,13,63,1.981,15.2548,0.9861,0.0,0.0295
sm21,8469,f,24,2,sm21_8469_f_2,41,91,1.8744,5.4077,0.979,0.0,0.0345
sm21,8469,f,24,2,sm21_8469_f_3,27,77,2.4126,9.9475,0.9829,0.0,0.0399
sm21,8469,f,24,2,sm21_8469_f_4,8,58,2.638,26.3827,0.9917,0.0,0.0301
sm21,8469,f,24,2,sm21_8469_f_5,19,69,2.4956,25.7497,0.9816,0.0,0.0428
sm21,8469,f,24,2,sm21_8469_f_6,45,95,2.9141,-1.5454,0.9614,0.0,0.0737
sm21,8469,f,24,2,sm21_8469_f_all,21,71,2.2512,19.8429,0.9972,0.0,0.015
sm21,8469,f,24,3,sm21_8469_f_1,38,88,3.3876,-16.6806,0.988,0.0,0.0467
sm21,8469,f,24,3,sm21_8469_f_2,68,118,1.8341,-33.2545,0.9567,0.0,0.0493
sm21,8469,f,24,3,sm21_8469_f_3,28,78,2.8224,-1.4181,0.9847,0.0,0.0441
sm21,8469,f,24,3,sm21_8469_f_4,34,84,3.3729,0.7034,0.9899,0.0,0.0427
sm21,8469,f,24,3,sm21_8469_f_5,2,52,3.0299,40.506,0.9715,0.0,0.0653
sm21,8469,f,24,3,sm21_8469_f_6,50,100,2.9029,-12.1461,0.9855,0.0,0.0441
sm21,8469,f,24,3,sm21_8469_f_all,8,58,1.8711,28.9826,0.9951,0.0,0.0164
sm21,8469,m,24,1,sm21_8469_m_1,17,67,4.4636,6.7544,0.9941,0.0,0.0429
sm21,8469,m,24,1,sm21_8469_m_2,39,89,5.2827,-26.2267,0.9887,0.0,0.0708
sm21,8469,m,24,1,sm21_8469_m_3,8,58,2.7073,24.637,0.9898,0.0,0.0343
sm21,8469,m,24,1,sm21_8469_m_4,31,81,3.3543,8.3556,0.9939,0.0,0.0328
sm21,8469,m,24,1,sm21_8469_m_5,29,79,3.9846,-4.3106,0.9946,0.0,0.0366
sm21,8469,m,24,1,sm21_8469_m_6,15,65,3.8904,8.4353,0.9925,0.0,0.0422
sm21,8469,m,24,1,sm21_8469_m_all,27,77,3.8013,7.6423,0.9985,0.0,0.0187
sm21,8469,m,24,2,sm21_8469_m_1,44,94,3.9216,-32.2911,0.9924,0.0,0.0431
sm21,8469,m,24,2,sm21_8469_m_2,6,56,3.0757,26.4493,0.9916,0.0,0.0355
sm21,8469,m,24,2,sm21_8469_m_3,12,62,3.5303,15.6664,0.9945,0.0,0.0328
sm21,8469,m,24,2,sm21_8469_m_4,69,119,4.2653,-48.2696,0.997,0.0,0.0293
sm21,8469,m,24,2,sm21_8469_m_5,13,63,3.053,28.717,0.9898,0.0,0.0387
sm21,8469,m,24,2,sm21_8469_m_6,49,99,4.8621,-9.4905,0.9967,0.0,0.0348
sm21,8469,m,24,2,sm21_8469_m_all,38,88,3.7766,-2.275,0.9979,0.0,0.0215
sm21,8469,m,24,3,sm21_8469_m_1,32,82,3.8118,-16.9593,0.9966,0.0,0.0278
sm21,8469,m,24,3,sm21_8469_m_2,0,50,2.1044,35.4918,0.9788,0.0,0.0389
sm21,8469,m,24,3,sm21_8469_m_3,30,80,3.6558,-3.0661,0.9907,0.0,0.0442
sm21,8469,m,24,3,sm21_8469_m_4,18,68,3.501,36.9554,0.9905,0.0,0.0429
sm21,8469,m,24,3,sm21_8469_m_5,4,54,2.1081,37.8013,0.9882,0.0,0.0289
sm21,8469,m,24,3,sm21_8469_m_6,12,62,2.8766,25.5182,0.985,0.0,0.0446
sm21,8469,m,24,3,sm21_8469_m_all,32,82,3.2453,12.5383,0.9973,0.0,0.021
sm21,w1118,f,24,1,sm21_w1118_f_1,49,99,2.9303,-31.6714,0.9847,0.0,0.0458
sm21,w1118,f,24,1,sm21_w1118_f_2,26,76,3.0841,5.1173,0.9923,0.0,0.0339
sm21,w1118,f,24,1,sm21_w1118_f_3,11,61,1.6903,34.8384,0.9886,0.0,0.0227
sm21,w1118,f,24,1,sm21_w1118_f_4,22,72,1.6446,18.6614,0.9907,0.0,0.02
sm21,w1118,f,24,1,sm21_w1118_f_5,28,78,3.666,16.8041,0.9901,0.0,0.0459
sm21,w1118,f,24,1,sm21_w1118_f_6,22,72,2.1923,21.4101,0.9697,0.0,0.0488
sm21,w1118,f,24,1,sm21_w1118_f_all,49,99,2.518,11.0319,0.9973,0.0,0.0163
sm21,w1118,f,24,2,sm21_w1118_f_1,10,60,1.2946,45.2736,0.9664,0.0,0.0304
sm21,w1118,f,24,2,sm21_w1118_f_2,7,57,1.5221,56.9522,0.9781,0.0,0.0286
sm21,w1118,f,24,2,sm21_w1118_f_3,0,50,1.7023,42.2108,0.9853,0.0,0.0261
sm21,w1118,f,24,2,sm21_w1118_f_4,48,98,2.2879,-9.1875,0.9822,0.0,0.0387
sm21,w1118,f,24,2,sm21_w1118_f_5,0,50,3.0796,28.1996,0.992,0.0,0.0347
sm21,w1118,f,24,2,sm21_w1118_f_6,4,54,1.6176,18.9066,0.9814,0.0,0.0279
sm21,w1118,f,24,2,sm21_w1118_f_all,0,50,1.7715,36.0658,0.9978,0.0,0.0103
sm21,w1118,f,24,3,sm21_w1118_f_1,3,53,1.9386,16.3546,0.9893,0.0,0.0252
sm21,w1118,f,24,3,sm21_w1118_f_2,32,82,2.4529,0.4646,0.9951,0.0,0.0215
sm21,w1118,f,24,3,sm21_w1118_f_3,56,106,1.9818,-8.4886,0.983,0.0,0.0327
sm21,w1118,f,24,3,sm21_w1118_f_4,25,75,1.8813,6.2895,0.9868,0.0,0.0273
sm21,w1118,f,24,3,sm21_w1118_f_5,25,75,2.8266,-7.6047,0.9943,0.0,0.0268
sm21,w1118,f,24,3,sm21_w1118_f_6,63,113,2.9628,-42.8079,0.9688,0.0,0.0669
sm21,w1118,f,24,3,sm21_w1118_f_all,54,104,2.2412,-1.1407,0.9974,0.0,0.0142
sm21,w1118,m,24,1,sm21_w1118_m_1,18,68,3.053,40.6192,0.987,0.0,0.044
sm21,w1118,m,24,1,sm21_w1118_m_2,0,50,2.8438,32.4524,0.9899,0.0,0.036
sm21,w1118,m,24,1,sm21_w1118_m_3,3,53,1.7528,35.1741,0.9898,0.0,0.0222
sm21,w1118,m,24,1,sm21_w1118_m_4,27,77,1.5851,11.7108,0.972,0.0,0.0339
sm21,w1118,m,24,1,sm21_w1118_m_5,39,89,2.4178,17.7786,0.9884,0.0,0.0328
sm21,w1118,m,24,1,sm21_w1118_m_6,21,71,3.3288,15.837,0.995,0.0,0.0295
sm21,w1118,m,24,1,sm21_w1118_m_all,13,63,2.2383,30.45,0.997,0.0,0.0154
sm21,w1118,m,24,2,sm21_w1118_m_1,24,74,3.8874,10.7843,0.9924,0.0,0.0427
sm21,w1118,m,24,2,sm21_w1118_m_2,5,55,2.2573,36.7754,0.9852,0.0,0.0348
sm21,w1118,m,24,2,sm21_w1118_m_3,4,54,1.7338,44.5467,0.9873,0.0,0.0247
sm21,w1118,m,24,2,sm21_w1118_m_4,5,55,1.4406,17.9455,0.986,0.0,0.0215
sm21,w1118,m,24,2,sm21_w1118_m_5,25,75,3.3731,32.9483,0.9899,0.0,0.0426
sm21,w1118,m,24,2,sm21_w1118_m_6,4,54,4.0176,25.6243,0.994,0.0,0.0389
sm21,w1118,m,24,2,sm21_w1118_m_all,5,55,2.5853,31.3047,0.9976,0.0,0.0159
sm21,w1118,m,24,3,sm21_w1118_m_1,35,85,3.6658,46.8221,0.9926,0.0,0.0396
sm21,w1118,m,24,3,sm21_w1118_m_2,4,54,1.5931,40.2934,0.9821,0.0,0.027
sm21,w1118,m,24,3,sm21_w1118_m_3,16,66,2.1933,21.6912,0.9949,0.0,0.0196
sm21,w1118,m,24,3,sm21_w1118_m_4,65,115,1.8144,18.4704,0.9732,0.0,0.0378
sm21,w1118,m,24,3,sm21_w1118_m_5,1,51,3.317,32.5028,0.9895,0.0,0.0427
sm21,w1118,m,24,3,sm21_w1118_m_6,0,50,1.7722,42.8213,0.9777,0.0,0.0336
sm21,w1118,m,24,3,sm21_w1118_m_all,19,69,2.5651,25.8968,0.9975,0.0,0.016
yak,7744,f,24,1,yak_7744_f_1,5,55,2.7095,28.3122,0.9832,0.0,0.0444
yak,7744,f,24,1,yak_7744_f_2,0,50,4.1883,40.5881,0.9846,0.0,0.0656
yak,7744,f,24,1,yak_7744_f_3,83,133,2.9524,7.072,0.9848,0.0,0.046
yak,7744,f,24,1,yak_7744_f_4,5,55,3.0183,27.1879,0.9886,0.0,0.0406
yak,7744,f,24,1,yak_7744_f_5,21,71,4.5263,2.5312,0.9932,0.0,0.0469
yak,7744,f,24,1,yak_7744_f_6,26,76,4.3392,28.793,0.9915,0.0,0.0504
yak,7744,f,24,1,yak_7744_f_all,6,56,3.2044,32.847,0.9981,0.0,0.0177
yak,7744,f,24,2,yak_7744_f_1,14,64,3.4486,24.3946,0.9921,0.0,0.0386
yak,7744,f,24,2,yak_7744_f_2,10,60,4.1337,27.555,0.9899,0.0,0.0522
yak,7744,f,24,2,yak_7744_f_3,7,57,3.6935,54.224,0.9925,0.0,0.0402
yak,7744,f,24,2,yak_7744_f_4,29,79,3.8188,48.525,0.9959,0.0,0.0306
yak,7744,f,24,2,yak_7744_f_5,38,88,3.5227,22.5589,0.9916,0.0,0.0405
yak,7744,f,24,2,yak_7744_f_6,35,85,4.3074,7.2601,0.9923,0.0,0.0475
yak,7744,f,24,2,yak_7744_f_all,16,66,3.7884,30.6933,0.9979,0.0,0.0216
yak,7744,f,24,3,yak_7744_f_1,0,50,2.9958,41.5054,0.9893,0.0,0.039
yak,7744,f,24,3,yak_7744_f_2,26,76,4.0942,18.4366,0.9946,0.0,0.0379
yak,7744,f,24,3,yak_7744_f_3,37,87,2.8004,8.7119,0.9851,0.0,0.0432
yak,7744,f,24,3,yak_7744_f_4,8,58,3.6703,13.9679,0.9948,0.0,0.0333
yak,7744,f,24,3,yak_7744_f_5,44,94,3.8547,9.1234,0.9906,0.0,0.0471
yak,7744,f,24,3,yak_7744_f_6,13,63,4.3397,28.2289,0.9877,0.0,0.0606
yak,7744,f,24,3,yak_7744_f_all,4,54,3.238,30.1883,0.9974,0.0,0.0205
yak,7744,m,24,1,yak_7744_m_1,6,56,2.3494,31.6843,0.9901,0.0,0.0294
yak,7744,m,24,1,yak_7744_m_2,17,67,2.6151,15.193,0.9873,0.0,0.0371
yak,7744,m,24,1,yak_7744_m_3,33,83,3.9359,-4.9913,0.9948,0.0,0.0357
yak,7744,m,24,1,yak_7744_m_4,24,74,4.7495,7.2129,0.9949,0.0,0.0427
yak,7744,m,24,1,yak_7744_m_5,0,50,2.4658,45.1333,0.9668,0.0,0.0576
yak,7744,m,24,1,yak_7744_m_6,44,94,4.3099,25.8767,0.98,0.0,0.0773
yak,7744,m,24,1,yak_7744_m_all,30,80,3.6527,12.1005,0.9981,0.0,0.0199
yak,7744,m,24,2,yak_7744_m_1,14,64,4.4348,1.545,0.9897,0.0,0.0566
yak,7744,m,24,2,yak_7744_m_2,0,50,2.7836,37.8235,0.9808,0.0,0.0489
yak,7744,m,24,2,yak_7744_m_3,33,83,4.2624,-20.6171,0.99,0.0,0.0536
yak,7744,m,24,2,yak_7744_m_4,13,63,3.6241,7.5477,0.9896,0.0,0.0466
yak,7744,m,24,2,yak_7744_m_5,20,70,3.6947,7.7598,0.9954,0.0,0.0316
yak,7744,m,24,2,yak_7744_m_6,7,57,3.5093,26.9027,0.9914,0.0,0.0408
yak,7744,m,24,2,yak_7744_m_all,18,68,3.5993,12.6811,0.9979,0.0,0.0208
yak,7744,m,24,3,yak_7744_m_1,17,67,4.03,10.6257,0.9894,0.0,0.0523
yak,7744,m,24,3,yak_7744_m_2,26,76,3.884,32.6437,0.9921,0.0,0.0432
yak,7744,m,24,3,yak_7744_m_3,24,74,3.3524,11.5294,0.9901,0.0,0.042
yak,7744,m,24,3,yak_7744_m_4,5,55,3.4341,29.073,0.995,0.0,0.0303
yak,7744,m,24,3,yak_7744_m_5,22,72,2.6452,32.0874,0.9888,0.0,0.0353
yak,7744,m,24,3,yak_7744_m_6,33,83,3.768,7.8269,0.9883,0.0,0.0514
yak,7744,m,24,3,yak_7744_m_all,17,67,3.4138,23.4732,0.9981,0.0,0.0184
yak,8469,f,24,1,yak_8469_f_1,58,108,4.3971,-38.1249,0.992,0.0,0.0494
yak,8469,f,24,1,yak_8469_f_2,42,92,3.6381,-14.894,0.9877,0.0,0.0509
yak,8469,f,24,1,yak_8469_f_3,57,107,4.389,-31.6431,0.9956,0.0,0.0364
yak,8469,f,24,1,yak_8469_f_4,32,82,4.5915,15.0764,0.9909,0.0,0.0551
yak,8469,f,24,1,yak_8469_f_5,36,86,4.3072,-29.0314,0.9826,0.0,0.0718
yak,8469,f,24,1,yak_8469_f_6,45,95,3.7708,18.7749,0.9932,0.0,0.039
yak,8469,f,24,1,yak_8469_f_all,42,92,4.108,-11.105,0.9984,0.0,0.0208
yak,8469,f,24,2,yak_8469_f_1,35,85,3.6752,-22.6125,0.993,0.0,0.0386
yak,8469,f,24,2,yak_8469_f_2,27,77,3.4146,18.2342,0.9926,0.0,0.0368
yak,8469,f,24,2,yak_8469_f_3,90,140,2.1994,41.4059,0.9802,0.0,0.0392
yak,8469,f,24,2,yak_8469_f_4,25,75,3.1522,17.2966,0.9898,0.0,0.0401
yak,8469,f,24,2,yak_8469_f_5,30,80,4.0876,19.6529,0.9915,0.0,0.0473
yak,8469,f,24,2,yak_8469_f_6,23,73,3.9385,16.0616,0.9715,0.0,0.0848
yak,8469,f,24,2,yak_8469_f_all,30,80,3.3783,13.3622,0.998,0.0,0.0191
yak,8469,f,24,3,yak_8469_f_1,14,64,3.0068,20.8429,0.985,0.0,0.0466
yak,8469,f,24,3,yak_8469_f_2,41,91,3.8314,2.1374,0.9905,0.0,0.0469
yak,8469,f,24,3,yak_8469_f_3,18,68,3.0278,19.1031,0.985,0.0,0.0468
yak,8469,f,24,3,yak_8469_f_4,21,71,4.2032,19.2207,0.991,0.0,0.0502
yak,8469,f,24,3,yak_8469_f_5,1,51,3.3236,43.9265,0.9901,0.0,0.0417
yak,8469,f,24,3,yak_8469_f_6,16,66,3.4704,35.0013,0.9862,0.0,0.0515
yak,8469,f,24,3,yak_8469_f_all,21,71,3.484,22.6971,0.9984,0.0,0.0176
yak,8469,m,24,1,yak_8469_m_1,25,75,5.2832,-19.9163,0.9954,0.0,0.0451
yak,8469,m,24,1,yak_8469_m_2,57,107,4.239,-45.5414,0.9951,0.0,0.0372
yak,8469,m,24,1,yak_8469_m_3,43,93,4.8645,-47.6387,0.993,0.0,0.0511
yak,8469,m,24,1,yak_8469_m_4,15,65,5.18,7.4953,0.9971,0.0,0.035
yak,8469,m,24,1,yak_8469_m_5,22,72,4.8035,-5.9823,0.994,0.0,0.0466
yak,8469,m,24,1,yak_8469_m_6,32,82,5.4522,12.0277,0.9963,0.0,0.0415
yak,8469,m,24,1,yak_8469_m_all,23,73,4.6489,-5.3006,0.9985,0.0,0.0222
yak,8469,m,24,2,yak_8469_m_1,32,82,4.4232,-22.1377,0.995,0.0,0.039
yak,8469,m,24,2,yak_8469_m_2,50,100,4.0007,-15.576,0.9946,0.0,0.037
yak,8469,m,24,2,yak_8469_m_3,20,70,3.8524,3.1731,0.9934,0.0,0.0393
yak,8469,m,24,2,yak_8469_m_4,0,50,3.3632,33.4735,0.9902,0.0,0.0419
yak,8469,m,24,2,yak_8469_m_5,12,62,3.8248,28.0278,0.9888,0.0,0.051
yak,8469,m,24,2,yak_8469_m_6,5,55,3.5474,30.4271,0.9946,0.0,0.0326
yak,8469,m,24,2,yak_8469_m_all,25,75,3.7662,11.7184,0.9985,0.0,0.0185
yak,8469,m,24,3,yak_8469_m_1,22,72,5.1613,-15.9896,0.9939,0.0,0.0506
yak,8469,m,24,3,yak_8469_m_2,44,94,4.8766,-33.6901,0.9939,0.0,0.0477
yak,8469,m,24,3,yak_8469_m_3,2,52,2.4522,37.9674,0.9804,0.0,0.0436
yak,8469,m,24,3,yak_8469_m_4,14,64,3.1704,14.6674,0.9937,0.0,0.0316
yak,8469,m,24,3,yak_8469_m_5,20,70,3.5992,-2.9129,0.9902,0.0,0.0448
yak,8469,m,24,3,yak_8469_m_6,12,62,3.5088,20.6248,0.9669,0.0,0.0818
yak,8469,m,24,3,yak_8469_m_all,24,74,3.7279,5.9907,0.9973,0.0,0.024
yak,w1118,f,24,1,yak_w1118_f_1,61,111,3.5141,-73.258,0.9951,0.0,0.031
yak,w1118,f,24,1,yak_w1118_f_2,34,84,2.8834,12.2194,0.9884,0.0,0.0391
yak,w1118,f,24,1,yak_w1118_f_3,54,104,3.6632,-11.1693,0.9965,0.0,0.0273
yak,w1118,f,24,1,yak_w1118_f_4,16,66,3.5333,19.5297,0.9954,0.0,0.03
yak,w1118,f,24,1,yak_w1118_f_5,0,50,2.5609,48.7731,0.986,0.0,0.0383
yak,w1118,f,24,1,yak_w1118_f_6,18,68,3.5883,26.609,0.9828,0.0,0.0595
yak,w1118,f,24,1,yak_w1118_f_all,15,65,2.4488,32.0239,0.9975,0.0,0.0152
yak,w1118,f,24,2,yak_w1118_f_1,0,50,2.083,21.4283,0.9862,0.0,0.0308
yak,w1118,f,24,2,yak_w1118_f_2,26,76,3.2596,2.2284,0.9915,0.0,0.0379
yak,w1118,f,24,2,yak_w1118_f_3,31,81,2.6308,13.1088,0.994,0.0,0.0257
yak,w1118,f,24,2,yak_w1118_f_4,46,96,3.3424,-20.5445,0.9918,0.0,0.038
yak,w1118,f,24,2,yak_w1118_f_5,1,51,1.9548,35.2649,0.9794,0.0,0.0356
yak,w1118,f,24,2,yak_w1118_f_6,55,105,3.6086,-10.7155,0.9883,0.0,0.0493
yak,w1118,f,24,2,yak_w1118_f_all,40,90,2.9843,2.4756,0.998,0.0,0.0167
yak,w1118,f,24,3,yak_w1118_f_1,32,82,1.9303,35.6188,0.9752,0.0,0.0387
yak,w1118,f,24,3,yak_w1118_f_2,11,61,3.5409,14.237,0.9961,0.0,0.0277
yak,w1118,f,24,3,yak_w1118_f_3,16,66,2.9992,32.3002,0.9907,0.0,0.0364
yak,w1118,f,24,3,yak_w1118_f_4,19,69,3.3744,6.648,0.9927,0.0,0.0363
yak,w1118,f,24,3,yak_w1118_f_5,57,107,2.9777,43.4491,0.9915,0.0,0.0344
yak,w1118,f,24,3,yak_w1118_f_6,1,51,2.7263,37.2959,0.9924,0.0,0.0299
yak,w1118,f,24,3,yak_w1118_f_all,16,66,2.7978,32.0576,0.9978,0.0,0.0163
yak,w1118,m,24,1,yak_w1118_m_1,0,50,2.2244,22.81,0.9845,0.0,0.035
yak,w1118,m,24,1,yak_w1118_m_2,1,51,2.968,20.0966,0.9957,0.0,0.0244
yak,w1118,m,24,1,yak_w1118_m_3,1,51,1.4909,35.6573,0.9877,0.0,0.0209
yak,w1118,m,24,1,yak_w1118_m_4,7,57,2.2439,30.6209,0.9785,0.0,0.0418
yak,w1118,m,24,1,yak_w1118_m_5,75,125,2.8722,-30.4553,0.9909,0.0,0.0344
yak,w1118,m,24,1,yak_w1118_m_6,14,64,2.241,22.6345,0.9877,0.0,0.0314
yak,w1118,m,24,1,yak_w1118_m_all,5,55,2.051,28.8113,0.9979,0.0,0.0118
yak,w1118,m,24,2,yak_w1118_m_1,0,50,1.9237,31.1412,0.9852,0.0,0.0295
yak,w1118,m,24,2,yak_w1118_m_2,0,50,2.7771,28.5058,0.989,0.0,0.0368
yak,w1118,m,24,2,yak_w1118_m_3,24,74,2.2745,20.0334,0.9867,0.0,0.0331
yak,w1118,m,24,2,yak_w1118_m_4,0,50,3.4468,34.7656,0.9919,0.0,0.039
yak,w1118,m,24,2,yak_w1118_m_5,24,74,2.3778,28.8226,0.9726,0.0,0.0502
yak,w1118,m,24,2,yak_w1118_m_6,54,104,2.6678,33.3281,0.9691,0.0,0.0599
yak,w1118,m,24,2,yak_w1118_m_all,0,50,2.3544,36.9944,0.9976,0.0,0.0143
yak,w1118,m,24,3,yak_w1118_m_1,45,95,3.4049,-17.9016,0.9925,0.0,0.037
yak,w1118,m,24,3,yak_w1118_m_2,3,53,2.1812,41.2504,0.9785,0.0,0.0406
yak,w1118,m,24,3,yak_w1118_m_3,9,59,2.4454,19.3244,0.9877,0.0,0.0342
yak,w1118,m,24,3,yak_w1118_m_4,2,52,2.4508,36.3138,0.985,0.0,0.0379
yak,w1118,m,24,3,yak_w1118_m_5,1,51,2.884,35.8065,0.9979,0.0,0.0167
yak,w1118,m,24,3,yak_w1118_m_6,0,50,2.7301,44.0493,0.9926,0.0,0.0295
yak,w1118,m,24,3,yak_w1118_m_all,2,52,2.3765,34.3343,0.9975,0.0,0.015
zim,7744,f,24,1,zim_7744_f_1,41,91,3.6653,-15.2183,0.9828,0.0,0.0608
zim,7744,f,24,1,zim_7744_f_2,2,52,2.1525,37.389,0.9939,0.0,0.021
zim,7744,f,24,1,zim_7744_f_3,17,67,1.4271,35.3857,0.9771,0.0,0.0275
zim,7744,f,24,1,zim_7744_f_4,12,62,3.1509,12.1471,0.9928,0.0,0.0336
zim,7744,f,24,1,zim_7744_f_5,17,67,3.0095,10.0992,0.9923,0.0,0.0332
zim,7744,f,24,1,zim_7744_f_6,9,59,3.3354,23.4186,0.988,0.0,0.046
zim,7744,f,24,1,zim_7744_f_all,20,70,2.7225,20.5084,0.998,0.0,0.0152
zim,7744,f,24,2,zim_7744_f_1,9,59,3.3453,8.9126,0.9892,0.0,0.0437
zim,7744,f,24,2,zim_7744_f_2,69,119,2.9235,12.5532,0.9921,0.0,0.0326
zim,7744,f,24,2,zim_7744_f_3,0,50,1.8957,43.9172,0.9792,0.0,0.0347
zim,7744,f,24,2,zim_7744_f_4,54,104,4.5466,-28.2271,0.9936,0.0,0.0456
zim,7744,f,24,2,zim_7744_f_5,21,71,4.4969,3.079,0.9879,0.0,0.0623
zim,7744,f,24,2,zim_7744_f_6,29,79,4.2226,-15.1678,0.9832,0.0,0.0692
zim,7744,f,24,2,zim_7744_f_all,10,60,2.9141,21.7948,0.9976,0.0,0.0178
zim,7744,f,24,3,zim_7744_f_1,24,74,3.3333,13.4674,0.9902,0.0,0.0415
zim,7744,f,24,3,zim_7744_f_2,39,89,3.9184,-24.0296,0.9923,0.0,0.0432
zim,7744,f,24,3,zim_7744_f_3,8,58,1.5744,23.001,0.9812,0.0,0.0274
zim,7744,f,24,3,zim_7744_f_4,47,97,4.457,-35.1039,0.9966,0.0,0.0324
zim,7744,f,24,3,zim_7744_f_5,61,111,3.5345,-57.0102,0.9871,0.0,0.0506
zim,7744,f,24,3,zim_7744_f_6,5,55,3.7413,18.2285,0.9934,0.0,0.0383
zim,7744,f,24,3,zim_7744_f_all,32,82,3.2287,0.4934,0.9987,0.0,0.0148
zim,7744,m,24,1,zim_7744_m_1,50,100,3.2929,3.263,0.9811,0.0,0.0574
zim,7744,m,24,1,zim_7744_m_2,3,53,3.3118,32.7183,0.988,0.0,0.0457
zim,7744,m,24,1,zim_7744_m_3,8,58,3.6787,18.5868,0.9838,0.0,0.0593
zim,7744,m,24,1,zim_7744_m_4,0,50,2.7491,31.5818,0.9873,0.0,0.039
zim,7744,m,24,1,zim_7744_m_5,15,65,2.8003,23.0232,0.9883,0.0,0.0382
zim,7744,m,24,1,zim_7744_m_6,25,75,2.878,3.0063,0.9805,0.0,0.051
zim,7744,m,24,1,zim_7744_m_all,20,70,2.9455,26.384,0.9952,0.0,0.0255
zim,7744,m,24,2,zim_7744_m_1,54,104,2.8779,35.5498,0.9945,0.0,0.0268
zim,7744,m,24,2,zim_7744_m_2,22,72,4.0806,29.3324,0.9943,0.0,0.0386
zim,7744,m,24,2,zim_7744_m_3,38,88,4.5396,-30.2965,0.9931,0.0,0.0473
zim,7744,m,24,2,zim_7744_m_4,21,71,2.2682,18.0419,0.9817,0.0,0.0388
zim,7744,m,24,2,zim_7744_m_5,30,80,3.0744,-0.0073,0.9803,0.0,0.0547
zim,7744,m,24,2,zim_7744_m_6,17,67,3.2511,18.8721,0.9901,0.0,0.0407
zim,7744,m,24,2,zim_7744_m_all,35,85,3.5295,3.9391,0.9981,0.0,0.019
zim,7744,m,24,3,zim_7744_m_1,35,85,3.4877,1.2392,0.9967,0.0,0.0251
zim,7744,m,24,3,zim_7744_m_2,0,50,3.1575,41.4596,0.9884,0.0,0.0429
zim,7744,m,24,3,zim_7744_m_3,19,69,3.5262,3.8814,0.9891,0.0,0.0464
zim,7744,m,24,3,zim_7744_m_4,19,69,2.6634,21.9363,0.9923,0.0,0.0293
zim,7744,m,24,3,zim_7744_m_5,22,72,2.8426,10.6221,0.9918,0.0,0.0323
zim,7744,m,24,3,zim_7744_m_6,14,64,2.8087,24.0938,0.9805,0.0,0.0497
zim,7744,m,24,3,zim_7744_m_all,25,75,3.0284,17.2093,0.9966,0.0,0.0221
zim,8469,f,24,1,zim_8469_f_1,28,78,3.4788,21.1793,0.9813,0.0,0.0603
zim,8469,f,24,1,zim_8469_f_2,12,62,3.8749,31.1224,0.992,0.0,0.0437
zim,8469,f,24,1,zim_8469_f_3,56,106,3.5162,47.4049,0.9971,0.0,0.0237
zim,8469,f,24,1,zim_8469_f_4,46,96,3.7625,45.9458,0.9927,0.0,0.0402
zim,8469,f,24,1,zim_8469_f_5,48,98,3.7674,-2.4281,0.9839,0.0,0.0605
zim,8469,f,24,1,zim_8469_f_6,0,50,3.7353,34.8988,0.9785,0.0,0.0696
zim,8469,f,24,1,zim_8469_f_all,28,78,3.4835,33.759,0.9986,0.0,0.0162
zim,8469,f,24,2,zim_8469_f_1,46,96,3.2432,-25.2155,0.9765,0.0,0.0633
zim,8469,f,24,2,zim_8469_f_2,16,66,3.4389,13.8334,0.9849,0.0,0.0534
zim,8469,f,24,2,zim_8469_f_3,17,67,3.0854,18.4223,0.9928,0.0,0.0329
zim,8469,f,24,2,zim_8469_f_4,42,92,3.8799,-28.2209,0.9847,0.0,0.0606
zim,8469,f,24,2,zim_8469_f_5,40,90,3.9537,-11.8685,0.99,0.0,0.0499
zim,8469,f,24,2,zim_8469_f_6,10,60,3.7415,19.901,0.9609,0.0,0.0952
zim,8469,f,24,2,zim_8469_f_all,47,97,3.4298,0.943,0.996,0.0,0.0272
zim,8469,f,24,3,zim_8469_f_1,32,82,3.2458,0.4847,0.9877,0.0,0.0453
zim,8469,f,24,3,zim_8469_f_2,42,92,2.6563,-20.3238,0.9807,0.0,0.0468
zim,8469,f,24,3,zim_8469_f_3,67,117,3.3022,16.0963,0.995,0.0,0.0293
zim,8469,f,24,3,zim_8469_f_4,21,71,3.0176,10.3253,0.9873,0.0,0.0429
zim,8469,f,24,3,zim_8469_f_5,40,90,4.2933,-35.7355,0.9889,0.0,0.057
zim,8469,f,24,3,zim_8469_f_6,15,65,2.9513,14.032,0.9721,0.0,0.0629
zim,8469,f,24,3,zim_8469_f_all,42,92,3.3673,-7.9592,0.9962,0.0,0.0262
zim,8469,m,24,1,zim_8469_m_1,21,71,4.7041,21.739,0.99,0.0,0.0592
zim,8469,m,24,1,zim_8469_m_2,33,83,4.215,-26.4934,0.9902,0.0,0.0524
zim,8469,m,24,1,zim_8469_m_3,33,83,4.1346,-23.1709,0.9945,0.0,0.0385
zim,8469,m,24,1,zim_8469_m_4,19,69,2.7561,10.8934,0.9939,0.0,0.027
zim,8469,m,24,1,zim_8469_m_5,11,61,5.3008,27.0017,0.9951,0.0,0.0466
zim,8469,m,24,1,zim_8469_m_6,14,64,4.4823,5.3715,0.9907,0.0,0.0543
zim,8469,m,24,1,zim_8469_m_all,20,70,4.0573,11.8745,0.9967,0.0,0.0293
zim,8469,m,24,2,zim_8469_m_1,30,80,5.1464,-6.4247,0.9969,0.0,0.036
zim,8469,m,24,2,zim_8469_m_2,38,88,4.0483,-47.4912,0.9912,0.0,0.0478
zim,8469,m,24,2,zim_8469_m_3,18,68,2.6675,13.9676,0.9902,0.0,0.0331
zim,8469,m,24,2,zim_8469_m_4,47,97,3.0385,-16.1972,0.9951,0.0,0.0266
zim,8469,m,24,2,zim_8469_m_5,35,85,3.9226,-2.5292,0.9937,0.0,0.0392
zim,8469,m,24,2,zim_8469_m_6,60,110,3.8686,-0.0399,0.9693,0.0,0.0867
zim,8469,m,24,2,zim_8469_m_all,23,73,3.642,-1.1807,0.9971,0.0,0.0245
zim,8469,m,24,3,zim_8469_m_1,17,67,4.7345,32.5854,0.9931,0.0,0.0496
zim,8469,m,24,3,zim_8469_m_2,0,50,3.8924,33.1933,0.9817,0.0,0.0666
zim,8469,m,24,3,zim_8469_m_3,4,54,3.5426,34.8942,0.9909,0.0,0.0425
zim,8469,m,24,3,zim_8469_m_4,6,56,2.1249,20.7052,0.9904,0.0,0.0262
zim,8469,m,24,3,zim_8469_m_5,34,84,3.878,13.765,0.9914,0.0,0.0452
zim,8469,m,24,3,zim_8469_m_6,7,57,3.4188,24.9712,0.9609,0.0,0.087
zim,8469,m,24,3,zim_8469_m_all,44,94,3.0309,43.0481,0.9977,0.0,0.0182
zim,w1118,f,24,1,zim_w1118_f_1,49,99,2.306,-1.0801,0.9885,0.0,0.0311
zim,w1118,f,24,1,zim_w1118_f_2,69,119,2.6487,-30.145,0.9764,0.0,0.0518
zim,w1118,f,24,1,zim_w1118_f_3,41,91,2.1165,-3.8219,0.9732,0.0,0.0442
zim,w1118,f,24,1,zim_w1118_f_4,14,64,2.1988,19.1794,0.9971,0.0,0.0148
zim,w1118,f,24,1,zim_w1118_f_5,9,59,2.1336,29.1666,0.9883,0.0,0.0291
zim,w1118,f,24,1,zim_w1118_f_6,18,68,2.4878,11.7958,0.9891,0.0,0.0327
zim,w1118,f,24,1,zim_w1118_f_all,18,68,1.9278,20.8303,0.997,0.0,0.0132
zim,w1118,f,24,2,zim_w1118_f_1,0,50,1.8842,32.2627,0.9705,0.0,0.0414
zim,w1118,f,24,2,zim_w1118_f_2,27,77,2.2845,35.7848,0.9851,0.0,0.0352
zim,w1118,f,24,2,zim_w1118_f_3,45,95,2.8167,-13.3943,0.9906,0.0,0.0343
zim,w1118,f,24,2,zim_w1118_f_4,71,121,2.169,29.1381,0.9896,0.0,0.0278
zim,w1118,f,24,2,zim_w1118_f_5,4,54,1.8838,23.1649,0.9917,0.0,0.0216
zim,w1118,f,24,2,zim_w1118_f_6,4,54,2.2421,22.692,0.9878,0.0,0.0312
zim,w1118,f,24,2,zim_w1118_f_all,54,104,2.3903,14.8854,0.9947,0.0,0.0218
zim,w1118,f,24,3,zim_w1118_f_1,27,77,2.0411,34.0837,0.9468,0.0,0.0613
zim,w1118,f,24,3,zim_w1118_f_2,8,58,2.7631,40.2776,0.9839,0.0,0.0444
zim,w1118,f,24,3,zim_w1118_f_3,40,90,2.6773,10.384,0.9885,0.0,0.0361
zim,w1118,f,24,3,zim_w1118_f_4,22,72,3.0372,12.3424,0.993,0.0,0.0318
zim,w1118,f,24,3,zim_w1118_f_5,37,87,2.313,5.7663,0.9664,0.0,0.0543
zim,w1118,f,24,3,zim_w1118_f_6,10,60,1.9986,28.1602,0.9853,0.0,0.0306
zim,w1118,f,24,3,zim_w1118_f_all,8,58,2.0811,32.0517,0.9953,0.0,0.0179
zim,w1118,m,24,1,zim_w1118_m_1,7,57,2.9094,37.7035,0.9845,0.0,0.0457
zim,w1118,m,24,1,zim_w1118_m_2,14,64,1.5653,35.3809,0.9691,0.0,0.0352
zim,w1118,m,24,1,zim_w1118_m_3,43,93,2.5127,-10.9019,0.9717,0.0,0.054
zim,w1118,m,24,1,zim_w1118_m_4,62,112,2.3026,-3.7458,0.9848,0.0,0.0359
zim,w1118,m,24,1,zim_w1118_m_5,27,77,1.618,18.0818,0.9892,0.0,0.0211
zim,w1118,m,24,1,zim_w1118_m_6,48,98,4.1637,-22.6111,0.9766,0.0,0.081
zim,w1118,m,24,1,zim_w1118_m_all,48,98,2.5577,7.4252,0.9946,0.0,0.0237
zim,w1118,m,24,2,zim_w1118_m_1,5,55,3.2862,36.7574,0.9834,0.0,0.0535
zim,w1118,m,24,2,zim_w1118_m_2,17,67,2.5163,18.0187,0.9778,0.0,0.0477
zim,w1118,m,24,2,zim_w1118_m_3,48,98,2.8489,42.7714,0.9669,0.0,0.0664
zim,w1118,m,24,2,zim_w1118_m_4,19,69,2.6248,4.5929,0.9893,0.0,0.0341
zim,w1118,m,24,2,zim_w1118_m_5,0,50,2.2037,43.4171,0.9888,0.0,0.0294
zim,w1118,m,24,2,zim_w1118_m_6,20,70,3.8023,35.0512,0.9913,0.0,0.0446
zim,w1118,m,24,2,zim_w1118_m_all,15,65,2.627,39.504,0.997,0.0,0.018
zim,w1118,m,24,3,zim_w1118_m_1,40,90,4.0442,18.8285,0.9936,0.0,0.0407
zim,w1118,m,24,3,zim_w1118_m_2,17,67,2.9584,24.8184,0.9966,0.0,0.0217
zim,w1118,m,24,3,zim_w1118_m_3,34,84,2.9498,10.4644,0.9933,0.0,0.0304
zim,w1118,m,24,3,zim_w1118_m_4,51,101,4.5778,-51.7831,0.987,0.0,0.0659
zim,w1118,m,24,3,zim_w1118_m_5,30,80,2.6945,10.4172,0.9945,0.0,0.0251
zim,w1118,m,24,3,zim_w1118_m_6,19,69,2.698,52.7355,0.9803,0.0,0.048
zim,w1118,m,24,3,zim_w1118_m_all,6,56,2.7217,29.5412,0.9991,0.0,0.0102
